Label,X_max,X_min,X_Aver,X_Median,X_Variance,X_StandardDeviation,X_MedianAbsoluteDeviation,X_RootMeanSquare,Y_max,Y_min,Y_Aver,Y_Median,Y_Variance,Y_StandardDeviation,Y_MedianAbsoluteDeviation,Y_RootMeanSquare,Z_max,Z_min,Z_Aver,Z_Median,Z_Variance,Z_StandardDeviation,Z_MedianAbsoluteDeviation,Z_RootMeanSquare,X-Y_max,X-Y_min,X-Y_Aver,X-Y_Median,X-Y_Variance,X-Y_StandardDeviation,X-Y_MedianAbsoluteDeviation,X-Y_RootMeanSquare,Y-Z_max,Y-Z_min,Y-Z_Aver,Y-Z_Median,Y-Z_Variance,Y-Z_StandardDeviation,Y-Z_MedianAbsoluteDeviation,Y-Z_RootMeanSquare,Z-X_max,Z-X_min,Z-X_Aver,Z-X_Median,Z-X_Variance,Z-X_StandardDeviation,Z-X_MedianAbsoluteDeviation,Z-X_RootMeanSquare
4,15.295944,-9.444443,3.276019947,6.813492,40.9924339,6.402533397,2.6517336,7.19199142,-2.318863,-12.2331085,-6.468751381,-6.0048676,2.837259181,1.68441657,1.186615,6.684459859,5.7960815,-5.703491,1.024483417,2.4778442,9.245047059,3.040566898,1.5650938,3.208521985,17.614807,-2.2029727,9.744771328,11.9447632,29.00264188,5.385410094,1.9602356,11.13387669,-1.504654,-14.8668668,-7.493234797,-7.86381576,7.24830983,2.692268529,1.58651674,7.962215619,7.7578278,-11.253006,-2.25153653,-3.8321995,17.82993531,4.222550806,1.8316952,4.785326745
4,9.281937,-9.672958,-4.306792583,-7.7674713,36.78717994,6.065243601,1.0247497,7.438793066,3.3499908,-9.540909,-4.005641468,-4.276718,11.25636201,3.355050225,2.2399293,5.22508618,7.467102,-5.5820923,-0.503463448,-1.9913025,15.85284851,3.981563576,1.6567383,4.013268487,17.623138,-11.5054622,-0.301151114,-3.3431697,75.36707062,8.681421002,3.8359683,8.68664277,8.7440338,-15.227493,-3.502178021,-2.2021028,48.76076584,6.982890937,4.35131824,7.811915049,8.60047867,-2.981217,3.803329135,4.4407806,6.431870663,2.536113298,1.5948486,4.571343694
4,12.200272,-12.084274,-0.771214137,-3.8886566,53.42773692,7.309427947,4.9154664,7.350000555,4.261673,-11.140518,-4.675098852,-6.413101,18.3348787,4.281924649,1.578186,6.339670968,3.822754,-6.716339,-0.845756439,-0.037017822,6.050170614,2.459709457,0.871215822,2.601052588,20.526001,-15.8960568,3.903884715,3.4718324,111.797057,10.57341274,9.8464049,11.2710857,10.4126738,-14.1337126,-3.829342413,-6.75575257,43.61809779,6.604399881,1.81979373,7.634262316,6.640243,-11.2113499,-0.074542302,2.9244842,33.45427295,5.783966887,2.41012563,5.784447208
4,4.730667,-16.239212,-0.264180046,1.3481598,22.33920244,4.726436548,1.10330201,4.733813847,-1.5297699,-11.682053,-7.892351175,-8.664932,4.626747246,2.150987505,0.778382,8.180217253,10.7413025,-15.683197,-1.559024069,-0.7285156,18.14813285,4.260062541,0.753387426,4.536373981,15.302276,-9.4333496,7.628171128,9.7964782,31.0019356,5.567938182,2.0994869,9.444094999,7.203934,-12.5876618,-6.333327105,-8.145889,17.23816567,4.151887001,1.16400177,7.572925319,10.74400331,-5.21400455,-1.294844023,-1.90171808,10.91276244,3.303447054,1.38656612,3.548152123
4,1.0577545,-13.572006,-5.685897082,-6.3904266,9.733348362,3.119831464,1.6626892,6.485582008,9.938858,-13.125748,-1.749050288,-1.754715,45.42655849,6.739922737,6.581726,6.963169925,3.7263489,-11.91745,-1.216205455,-1.007019,11.02796669,3.320838251,2.059021,3.536541022,12.7767025,-21.773193,-3.936846794,-4.7475893,77.34342448,8.794511043,6.0556638,9.635465072,19.932968,-16.737839,-0.532844833,-0.9952546,95.65350672,9.780261076,8.5324403,9.794765456,12.9279938,-2.36113,4.469691626,4.0539703,7.532172896,2.744480442,1.3699035,5.245027753
4,5.0782013,-16.22374,-2.886640924,-1.8808136,18.42677131,4.29264153,2.25064087,5.172955358,7.32164,-14.235001,-7.026302883,-8.83989,22.86657426,4.781900695,1.35086,8.499147396,4.401184,-4.977478,0.555332999,1.1531677,3.384272074,1.839639115,0.4070435,1.92163129,16.9114073,-16.595886,4.139661959,7.153076,64.76160149,8.047459319,3.5015256,9.049773623,12.190811,-18.2910313,-7.581635883,-10.0454259,40.3344946,6.350944386,1.3782347,9.890181862,16.7306363,-2.8752899,3.441973923,2.8947296,11.97070189,3.459870213,0.7081604,4.880357198
4,5.878006,-16.535568,-4.457731017,-5.108597,20.57392309,4.535848663,3.294433,6.359661069,7.558487,-14.797958,-4.956193555,-7.406906,35.31137197,5.942337248,2.945709,7.737908408,5.092682,-6.412842,0.070490578,1.3507385,6.663311767,2.581339142,0.8557435,2.582301433,20.675964,-17.1017155,0.498462538,1.2271423,94.88359291,9.740820956,6.78286736,9.753566415,13.8404084,-19.072983,-5.026684133,-8.36726394,71.15465466,8.435321847,4.0323488,9.819481047,15.3369291,-2.0790558,4.528221595,3.7433319,10.44248649,3.231483636,1.3234863,5.56302771
4,8.684368,-18.127699,-1.654183903,1.0073603,22.42772599,4.735792013,1.3419501,5.016378213,19.612701,-16.914436,-6.986974865,-9.780912,35.72615221,5.977135787,0.326808,9.194779496,8.388085,-6.1195793,0.872937906,0.427365,4.472132567,2.114741726,1.33955585,2.287827169,25.598804,-31.27366,5.332790962,10.8906247,107.4440043,10.36551997,2.7263981,11.65687195,11.224616,-15.5497417,-7.859912771,-9.7264446,26.68869335,5.166110079,0.8762782,9.405685627,20.811599,-14.7937713,2.527121809,-0.46387656,40.62148345,6.373498525,3.29741451,6.856225498
4,10.345944,-19.6133,-2.306837493,-1.0965444,29.94668413,5.47235636,2.7611132,5.93870216,14.639945,-19.6133,-6.170559095,-8.637083,37.62337475,6.133789591,1.4496893,8.700527242,7.8835077,-9.721058,0.974246618,0.6254852,7.765998318,2.786754083,1.52809926,2.952144101,28.241404,-29.006951,3.863721602,7.0533176,124.606962,11.16274885,4.3299147,11.81250636,9.338584,-14.7135667,-7.144805713,-9.304466,31.44308571,5.60741346,1.4903907,9.082474023,23.2776257,-20.067002,3.281084111,4.469376,54.16819484,7.35990454,5.8041432,8.058145431
4,9.844957,-19.6133,-3.34919783,-4.573524,33.97395749,5.82871834,4.336498,6.722431375,19.612701,-15.920843,-4.098778523,-5.6826377,42.17412592,6.494160909,3.8319203,7.679460352,6.8492126,-6.3045316,1.197977934,2.0069396,6.981896243,2.642327808,1.9877859,2.90121481,25.507226,-34.229302,0.749580693,1.6274584,143.2696183,11.96952874,10.3639011,11.99297668,15.002067,-13.9091153,-5.296756456,-7.8188647,35.57609726,5.964570166,3.2710773,7.976949681,22.3827929,-16.1494886,4.547175764,7.608773,61.00167509,7.810356912,3.5715496,9.037614869
4,14.649522,-15.248072,-2.973526658,-3.6493618,50.42468449,7.101034044,5.1098252,7.698476815,4.1000705,-16.783354,-5.011225773,-6.2482677,28.06026061,5.297193654,3.8019922,7.291957512,5.649119,-7.197569,1.727386591,2.0937295,4.626980356,2.151041691,0.81762,2.758775959,28.325801,-18.5969616,2.037699115,3.4350807,137.7474863,11.73658751,9.3080573,11.91216622,2.00514395,-18.9656689,-6.738612364,-6.7935472,25.51732556,5.051467664,3.9947256,8.421770726,19.3744787,-21.847091,4.700913249,6.386533,76.44381468,8.743215351,4.715381,9.926852475
4,17.980455,-19.6133,-3.453240878,-4.368221,58.67138275,7.659724718,4.01148494,8.402157777,13.517663,-15.317504,-3.917494606,-5.072715,32.80846581,5.727867475,4.073135,6.939396933,9.93474,-5.54138,2.48941311,2.6144683,4.940497731,2.222723044,1.3874399,3.337315592,33.297959,-33.130963,0.464253728,1.404798,156.9019357,12.52605028,8.3425959,12.53465066,10.824785,-23.885754,-6.406907716,-8.2390464,50.47273626,7.104416673,5.0194446,9.566671455,22.632987,-17.1394912,5.942653988,7.736264,61.11350417,7.817512659,3.0334535,9.819808582
4,19.612701,-13.912706,-4.113519848,-6.2608376,45.30814603,6.731132597,2.9909566,7.888548128,6.5726824,-19.6133,-4.415644127,-4.5723267,26.19342357,5.117951111,2.9023709,6.759536717,9.209297,-2.3307555,2.64841803,2.4504654,4.877650032,2.208540249,1.513734,3.448444301,27.654227,-20.4853884,0.302124279,-0.796072,120.2278316,10.96484526,5.9142774,10.96900682,6.519411,-23.4033212,-7.064062157,-7.8362218,41.24480678,6.422211985,4.140772,9.547029954,15.6251588,-20.9331033,6.761937878,9.4672719,50.65841314,7.117472384,1.5257053,9.817444525
4,14.422671,-13.493721,-2.689128265,-4.501099,38.58465632,6.211654878,2.9113491,6.768756692,8.121132,-12.469003,-3.742088403,-6.493075,39.12082064,6.254663911,3.68707,7.288624442,5.401319,-8.7532015,-0.426167934,0.05746084,17.30892529,4.160399655,3.25611434,4.18216982,22.821531,-21.1551666,1.052960138,3.7158012,124.6492773,11.16464407,7.7859443,11.21418755,14.7482826,-16.3954936,-3.315920469,-7.680599,101.8438098,10.09176941,5.09486102,10.62257682,8.0732484,-10.9750206,2.262960331,3.4572272,17.04272258,4.128283248,1.8579005,4.707835176
4,9.097966,-10.563218,-3.137399842,-5.4204726,30.75509646,5.545727766,2.3750484,6.371685352,7.383718,-10.936713,-3.354347677,-6.033388,34.31283454,5.857715813,3.39019,6.750146878,6.1100025,-10.132261,-1.288602019,-1.1875241,17.24401646,4.152591536,3.2656909,4.347931879,19.603724,-17.7841305,0.216947835,0.6224927,115.6033334,10.75189906,10.9462907,10.75408758,16.5870294,-16.443377,-2.065745658,-4.85544124,92.89718732,9.638318698,7.49863846,9.857205103,10.4099889,-6.7803792,1.848797823,2.193089,14.45065743,3.801402034,2.7868504,4.227139792
4,6.14831,-10.448297,-3.598362033,-5.2002063,22.79453712,4.774362483,2.5761607,5.978523768,7.431602,-13.781025,-3.984881944,-6.7324953,41.01672454,6.404430071,3.8786068,7.542944295,6.3781533,-8.283937,-0.804944297,0.23942018,14.94464248,3.865830115,2.93050282,3.948743826,17.535133,-17.104178,0.38651991,2.0781669,111.6409039,10.56602593,10.0556471,10.57309328,14.5567463,-17.4489413,-3.179937647,-7.2592194,100.0886972,10.00443388,6.4834981,10.49765215,10.5823717,-4.39575428,2.793417737,3.30399837,9.686673104,3.112342061,2.31758727,4.182087488
4,12.813767,-10.304645,-3.165421939,-4.4915223,39.61325315,6.293906033,4.0031057,7.045079787,7.6231384,-13.397953,-3.582587664,-7.0102224,38.75935628,6.225701268,2.8634656,7.182916584,4.9320555,-7.824251,-1.475690149,-1.2737153,11.26802298,3.356787598,2.7389667,3.666835747,21.030667,-17.448942,0.417165725,2.0302828,136.6934695,11.69159825,9.7587663,11.69903828,14.1257895,-14.6620915,-2.106897516,-6.1195796,85.70461173,9.257678528,5.851429,9.494399869,7.4603331,-8.2169006,1.689731791,2.7772737,14.5162082,3.8100142,1.61848046,4.167901357
4,13.129802,-10.91756,-3.829669235,-5.3247046,39.79000974,6.307932287,3.0166944,7.379456361,7.4028716,-16.903065,-3.132956579,-4.7405195,39.08409092,6.251727035,4.2999855,6.992818305,8.2169,-6.397307,-1.256668595,-1.4939818,13.30882153,3.648125755,2.9305028,3.858501974,22.007502,-18.119319,-0.696712656,-0.316035,130.5487173,11.42579176,8.9351602,11.44701384,13.350069,-21.164744,-1.876287984,-3.9647981,90.94097339,9.536297677,6.9910696,9.719127018,6.6654575,-8.6670099,2.57300064,3.7253778,11.49916944,3.39104253,0.90979668,4.256700804
4,7.868544,-11.603498,-4.548443957,-5.2684407,25.54052799,5.053763745,3.7199913,6.799181599,6.4721255,-14.305954,-3.962694176,-5.1756654,43.97236363,6.631166084,6.1902083,7.724979532,1.1941081,-6.045958,-3.107650106,-3.1842883,2.27681767,1.508912744,1.114501,3.454606613,19.445707,-15.453974,-0.585749781,0.8852558,125.8645862,11.21893873,10.72482647,11.23421955,11.2820768,-14.2987716,-0.85504407,-2.0231006,62.41934172,7.900591226,7.4854716,7.946725243,8.5574758,-10.1633863,1.440793851,2.3798364,15.93325322,3.991647933,2.3139958,4.243717727
4,11.836334,-11.468824,-4.152168196,-5.321113,31.76456216,5.636005869,2.6617542,7.000361625,7.2753806,-18.283321,-3.900561603,-6.569091,48.17756692,6.941006189,4.569334,7.961906036,3.5727475,-6.7109475,-2.480279251,-2.8682537,6.543153747,2.557958902,1.8638859,3.562995777,22.684462,-16.9754884,-0.251606593,2.475006,126.7343746,11.25763628,8.3910786,11.26044761,12.9981215,-20.0915419,-1.420282352,-4.5956698,81.10950902,9.00608178,6.3488252,9.117385096,8.67120038,-10.1250792,1.671888945,2.7060461,14.7620775,3.842144909,1.3700826,4.19014202
4,11.014524,-10.840945,-4.265611516,-4.9200845,24.48155992,4.947884388,2.7240028,6.532763697,7.5225816,-16.402676,-4.654483767,-6.9198413,42.10493205,6.488831331,3.7553053,7.985558915,3.4685998,-6.872556,-2.525787024,-2.3409307,4.604594769,2.145831953,1.7381904,3.314241219,21.6783,-16.9934446,0.388872251,2.2906528,111.8468761,10.57576835,7.0209966,10.58291537,12.7108167,-16.89827575,-2.128696743,-5.4438165,69.94527524,8.363329196,5.5078614,8.629984071,7.248445822,-10.17356064,1.739824492,2.1212627,11.21689294,3.34916302,1.2695253,3.774106808
4,3.5751417,-11.969811,-4.692807152,-5.542577,19.74004995,4.4429776,2.949058,6.462390341,9.340978,-14.308348,-5.062492087,-7.331644,33.07293633,5.750907435,2.454656,7.661707542,7.1407065,-7.796119,-2.763258422,-3.4572272,9.386723284,3.063775985,2.0865467,4.125811483,12.752715,-18.681956,0.369684935,1.8794486,78.25483589,8.846176343,6.1106011,8.853897607,14.468161,-14.38915196,-2.299233665,-3.967791,57.15714888,7.560234711,4.9398366,7.902127835,14.4077072,-4.47177024,1.929548729,2.2804771,9.661994959,3.108374971,1.7118541,3.658572571
4,9.053674,-11.887212,-3.810094945,-5.0224366,26.30507911,5.128847737,3.2656914,6.389202031,7.2352777,-16.147694,-4.944659277,-7.282563,37.24276241,6.102684853,3.9384615,7.854452099,3.2112231,-7.8637557,-2.758534206,-2.742558,5.052079993,2.24768325,1.8237831,3.558312938,20.0436585,-16.854582,1.134564331,2.3612815,110.4263632,10.50839489,8.6951422,10.56946543,12.129026,-15.5886479,-2.18612507,-5.241506,63.49487986,7.968367452,5.1331688,8.262809612,11.3263701,-10.1190937,1.051560739,2.3618802,18.10247946,4.254700866,1.4981716,4.382722835
4,12.680291,-18.77473,-3.489631872,-5.365406,41.13970895,6.414024396,2.8101942,7.301865485,9.504981,-19.6133,-4.81737675,-6.4643445,37.85094377,6.152312067,3.3578677,7.813965864,2.9897594,-9.790489,-2.452018141,-2.7988217,5.916642971,2.432415049,1.628057,3.453843646,22.438458,-24.640524,1.327744878,1.664569,115.8400253,10.76290042,7.1071875,10.84448855,15.371972,-22.6030594,-2.36535861,-4.220379,65.76124384,8.109330665,4.337695,8.44725785,17.0191816,-14.8189116,1.037613732,2.2397757,30.22121479,5.49738254,1.8339586,5.594448771
1,10.4967785,-11.086949,-2.101714051,-4.1461587,35.0610014,5.921233098,4.2766433,6.283168257,19.612701,-5.1259856,8.877891237,7.6452847,68.9456297,8.30335051,7.3956893,12.15576335,16.895882,-12.226589,0.959829515,1.4957775,48.62625577,6.973252883,5.5731028,7.03900053,10.9618524,-30.69965,-10.97960529,-10.8648874,116.9295788,10.81339812,7.78474595,15.41042865,27.3621336,-4.3807904,7.918061722,8.34917992,42.57708366,6.525111774,4.36043992,10.26025268,24.4310335,-9.9628715,3.061543566,1.4383167,66.29396496,8.142110596,5.2822076,8.698678863
1,7.463924,-12.225392,-1.366834352,-1.0055647,28.25415382,5.31546365,4.4687774,5.488386827,19.612701,-4.7668557,8.840322889,7.557896,68.71019266,8.289161155,8.091803,12.11864272,14.407707,-9.282919,1.508613713,1.894412,31.56576269,5.618341632,3.9372646,5.817360057,11.0983217,-27.4172,-10.20715724,-10.3872432,87.01941343,9.328419664,6.7061598,13.82770669,24.1670714,-6.3763578,7.331709177,7.6422915,44.55810885,6.675186054,4.8344925,9.915244238,21.226394,-8.948329,2.875448065,1.929128,31.01099577,5.568751725,3.1489737,6.267311812
1,10.010158,-13.034633,-1.898157461,-2.991555,39.72003403,6.302383203,4.9386394,6.582023684,19.612701,-3.1358056,8.860069149,7.095815,64.81613054,8.050846573,6.403292,11.971506,14.367006,-11.019912,1.82198156,3.5380316,42.45389767,6.515665559,4.0641574,6.765612646,11.3155955,-31.55558,-10.75822661,-11.8237653,110.2235075,10.49873838,7.9894507,15.03206397,21.4035639,-6.1076088,7.038087589,8.005013,39.44503963,6.28052861,4.5388074,9.432906049,22.2840325,-7.328053,3.720139021,2.4444796,46.32501941,6.806248556,4.5944726,7.756574872
1,11.326968,-15.26543,-1.578748596,-1.8423382,33.24164835,5.765557072,4.4244848,5.977800221,19.612701,-4.84766,8.527104788,6.411672,63.83387032,7.989610148,6.460155,11.68526364,12.456433,-9.680955,1.619192648,2.022502,35.59839238,5.966438836,4.295198,6.182246939,11.082161,-24.5303913,-10.10585338,-10.9121733,81.55223972,9.03062787,7.8128789,13.55287838,24.9242373,-6.7827732,6.907912141,7.156268,58.84915211,7.671320102,5.4402257,10.32319729,14.1886383,-10.82538275,3.197941244,3.0202858,30.72796247,5.543280839,4.1808748,6.399593008
1,19.612701,-10.740988,1.911207001,3.3722332,76.95455528,8.772374552,5.2534773,8.978155015,19.612701,-7.2221093,7.338115375,4.572925,85.4711113,9.245058751,7.487267,11.80334904,16.654665,-15.515624,0.221392538,-0.60693014,32.37022852,5.689484029,2.08475096,5.693789878,14.1257903,-22.3277257,-5.426908374,-7.7350673,73.43882716,8.569645684,6.8671681,10.14347877,35.128325,-6.4565634,7.116722837,4.1778819,89.46403325,9.458542871,4.9039231,11.83688207,11.150994,-35.128325,-1.689814463,-1.0510545,90.6102344,9.518940823,7.2604163,9.667766408
1,19.612701,-13.734338,2.584738191,4.0019083,98.77693339,9.938658531,6.4338186,10.26926506,19.612701,-5.629367,7.741220032,4.7040076,86.29699947,9.289617832,7.0168074,12.0922904,19.612701,-19.6133,0.051014427,-0.8463503,46.80710457,6.841571791,3.2207998,6.841761984,13.790004,-28.305449,-5.156481842,-7.1526773,93.27161461,9.657723055,7.1526773,10.94810119,39.226001,-6.4392057,7.690205605,3.6266167,103.813254,10.18887894,4.4268782,12.76528559,12.7347584,-39.226001,-2.533723764,-3.281253,118.2488063,10.8742267,8.07324746,11.16550771
1,19.612701,-13.676279,1.856966792,1.9818004,78.7997762,8.876923803,6.9910696,9.069073925,19.612701,-7.0832458,7.322845305,5.61141,81.29785544,9.01653234,7.754819,11.61558947,15.381549,-19.6133,0.046800672,-0.4405331,32.66191187,5.715060094,2.3732524,5.715251716,17.851766,-33.28898,-5.465878513,-7.37174709,104.4735308,10.22122942,6.34463361,11.59091708,39.226001,-8.3449901,7.276044632,4.493318,99.24632673,9.962245065,4.9254713,12.3364157,12.43069506,-33.373375,-1.81016612,-1.344943,106.3088645,10.31061902,8.35576363,10.46831247
1,19.612701,-14.035409,1.660900353,2.882619,77.22069116,8.787530436,6.891111,8.943113616,19.612701,-7.926005,8.542238863,7.567473,81.30448236,9.01689982,9.0865939,12.42072168,13.302185,-19.6133,-0.439063404,-0.6135142,29.00401989,5.385538032,2.1912931,5.403406015,15.349826,-21.291635,-6.88133851,-10.0101571,87.2212406,9.339231264,4.2676651,11.60060603,39.226001,-4.7417164,8.981302267,6.967127,97.18520604,9.85825573,7.0299748,13.33600377,15.4186594,-34.228106,-2.099963757,-0.8128314,99.23396818,9.961624776,7.4609312,10.18056069
1,16.51999,-16.184803,-0.658884361,0.047884032,99.54373699,9.977160768,9.356540968,9.998893218,19.325996,-7.4028716,8.93583114,9.097966,62.42959002,7.901239777,6.904878,11.92806221,8.992621,-16.654066,-2.578267902,0.23942018,43.66383048,6.607861263,4.03183582,7.093045598,11.7220097,-30.463823,-9.594715502,-11.5687821,111.0036235,10.53582572,6.4739219,14.24998909,31.641768,-0.0383072,11.51409904,9.9215715,65.70267595,8.105718719,5.3917417,14.08109203,8.38928216,-14.1545186,-1.91938354,0.4405332,33.20819805,5.762655469,4.0892967,6.073897532
1,17.33402,-17.554287,0.478840323,2.432509,110.7915329,10.52575569,8.954315,10.53664182,19.393034,-7.632715,9.175634372,9.816227,66.11780204,8.131285387,6.732494,12.26010066,7.6710224,-15.974113,-2.051735121,1.3982137,51.9549934,7.207981229,3.5625723,7.494305198,14.7291295,-30.348901,-8.696794049,-9.864111,122.1710211,11.05310007,7.393295,14.06432536,31.871613,-2.135628,11.22736949,10.5344873,68.5277908,8.278151412,5.4492027,13.94925147,7.230489,-15.198392,-2.530575445,-1.2641395,33.07408936,5.751007682,4.5394071,6.283144232
1,16.529568,-18.55985,-0.597051013,0.7278373,125.9896642,11.22451176,10.1131083,11.24037963,19.28769,-3.1986535,8.771968049,8.255207,47.44971435,6.888375306,5.564125,11.15334648,7.536947,-14.393941,-2.276281184,-0.5554548,39.40286438,6.277170093,4.8362878,6.677149123,11.3868233,-33.336864,-9.369019063,-11.8369329,127.6684363,11.29904582,6.3206928,14.67811141,31.335312,-0.8810663,11.04824923,9.9119946,64.34959173,8.021819727,4.8362872,13.65332937,8.66701,-18.176779,-1.679230171,1.513136,57.80553678,7.602995251,5.5162405,7.786228275
1,16.64449,-17.60217,-0.905056669,-1.9249382,116.0914557,10.7745745,10.1801452,10.81251975,19.383457,-4.6351743,8.210999379,6.4643445,59.35589627,7.70427779,7.8912895,11.25950297,6.8282633,-17.33402,-2.568228722,-0.79487497,42.0913586,6.487785339,5.37258903,6.977618317,14.6716678,-31.58431,-9.116056049,-10.8122155,139.8432337,11.82553312,8.8393915,14.9313667,34.055124,-4.9512092,10.7792281,10.2663374,75.37968309,8.682147378,5.573702,13.84093355,8.4754739,-16.9030634,-1.663172053,1.005565,50.18703532,7.084280861,4.05098886,7.276893334
1,15.275007,-16.730682,-1.44812926,-0.91937345,87.12761931,9.334217659,8.85854655,9.445882577,19.144037,-7.536947,8.014916578,7.1634517,62.43943031,7.901862458,6.9527613,11.25514629,9.720459,-15.849615,-2.056982049,-0.2681506,40.46550012,6.361249887,5.7173534,6.685557215,8.8298158,-31.593886,-9.463045837,-10.84094544,109.3112926,10.45520409,6.69418756,14.1017917,31.526848,-0.3447651,10.07189863,8.6957399,57.09628221,7.55620819,4.83628806,12.59124395,10.8792526,-12.5360403,-0.60885279,1.455674,40.40092293,6.356172034,4.2042186,6.385266216
1,15.7825775,-13.838486,-0.9701596,-3.5434184,76.87172908,8.767652427,6.1195795,8.82116425,19.364304,-7.6135616,8.203260539,7.8912888,59.77816849,7.73163427,6.5792662,11.27260626,12.325351,-16.596605,-1.36425963,-1.1779473,37.12959959,6.093406238,3.7445313,6.24426168,11.3772463,-27.849354,-9.17342014,-9.9119953,131.8369964,11.48202928,10.4770268,14.69655175,31.565156,-0.97683428,9.567520169,7.9679034,51.63388887,7.185672472,4.0222595,11.96542231,19.2972662,-19.5079553,-0.394100029,2.2697032,81.57659917,9.031976482,7.2017584,9.040570447
1,18.071434,-15.322891,-2.024092005,-5.3342814,93.8079678,9.685451347,5.7652376,9.894691316,19.412188,-5.1140146,8.566115123,10.668563,78.12120568,8.838620123,7.987057,12.30851469,16.759413,-12.497733,-0.686047648,-1.1300632,56.04260897,7.486161164,5.7460839,7.517530867,22.5342263,-27.74401,-10.59020713,-12.6126539,186.8142438,13.66800073,7.7763673,17.29065444,24.803931,-4.17548775,9.252162771,9.165004,36.83774388,6.069410505,3.02627102,11.0652727,18.4640832,-20.6475953,1.338044357,2.7006593,91.24625541,9.552290584,4.7884034,9.645549135
1,17.688362,-14.690822,-1.786703233,-2.7964275,80.65228508,8.980661729,6.9048775,9.156669347,19.40261,-5.315128,8.372354068,10.266336,77.18743998,8.78563828,8.149863,12.13605177,16.625336,-10.323798,1.309410624,0.019153614,57.06091371,7.553867467,6.358999614,7.666516151,22.8023766,-28.194119,-10.1590573,-12.5647706,162.591767,12.75114767,6.1195787,16.30331906,18.8184255,-4.9607861,7.062943444,7.2879498,25.82850775,5.082175494,2.9592338,8.701360689,24.775198,-20.1783317,3.096113857,3.552995,94.72926862,9.732896209,4.34787,10.21348078
1,18.588581,-14.958972,-0.827436125,-0.51714754,103.4503371,10.17105389,9.62469046,10.2046552,19.268536,-5.583278,7.480060772,7.1155677,72.21549509,8.497970057,8.6191263,11.32107787,12.220005,-10.43872,0.352809562,-0.45968673,42.34722318,6.507474409,5.71735387,6.517031362,20.685902,-30.310593,-8.307496897,-10.5823714,185.6739125,13.6262215,7.680598664,15.9589604,20.7625179,-5.08528405,7.127251211,7.1059906,33.85882745,5.818833856,2.8730419,9.200898721,16.3571855,-20.0825628,1.180245686,3.466804,87.65242053,9.362287142,4.951209,9.436387042
1,15.916653,-11.492168,2.473880755,6.5505357,64.60045138,8.037440599,6.5888433,8.409550367,19.278112,-2.4133554,6.884000282,3.9073372,57.90252526,7.609370885,4.9320558,10.26118829,15.74427,-8.1881695,0.91228663,1.6089035,28.76504451,5.363305372,2.6527755,5.440341112,11.5304754,-24.1718605,-4.410119527,-5.334282,85.56420837,9.250092344,5.88016,10.24760277,17.0562941,-3.86903,5.971713651,5.7843915,31.51452256,5.613779704,3.6966475,8.196089707,17.1999455,-13.1298023,-1.561594124,-2.7006593,44.6487119,6.681969164,4.4340617,6.862017787
1,14.15452,-11.118672,0.957967947,3.169923,52.71247796,7.26033594,7.565677,7.323262971,19.258959,-4.1371803,6.53980989,3.821146,63.51428882,7.969585235,5.956774,10.30938418,16.529568,-5.583278,2.330707452,1.7621324,25.34190883,5.034074774,3.9456444,5.547441397,11.0899423,-22.390574,-5.581841943,-5.9088897,85.90334068,9.268405509,6.1770407,10.81944084,14.22155854,-3.3327287,4.209102437,3.7828389,24.41007598,4.94065542,3.7828389,6.490502238,17.611747,-8.3988595,1.372739505,2.173935,37.02091389,6.084481399,4.5681365,6.237413538
1,14.642938,-11.923124,1.236365732,3.6583402,48.69972684,6.978518957,5.8322758,7.087194583,19.28769,-3.466804,6.454959343,3.572149,60.82896514,7.799292605,5.659892,10.12400441,16.424223,-7.144298,2.614947081,2.0398598,33.36566297,5.776301842,3.8690302,6.340631767,11.8752408,-23.96117,-5.218593612,-4.989517,93.5234254,9.670751026,7.1347197,10.98895558,15.332468,-4.1467573,3.840012262,3.706224,22.26630166,4.718718222,2.786852,6.083748502,22.333113,-10.333375,1.378581349,0.067038,44.57823083,6.676693106,3.8019928,6.817530151
1,14.221559,-9.595961,2.284930325,4.6255975,52.01815036,7.212360942,5.0948615,7.565649803,19.306843,-3.1603463,7.754819312,6.2345014,60.58120332,7.78339279,7.1826056,10.98719372,16.25184,-8.983045,3.457227216,3.122039,33.73633504,5.808298808,3.3327287,6.759345757,12.3349274,-22.400151,-5.469888987,-7.1155668,97.14150252,9.856038886,6.80911,11.27214212,14.8536273,-5.3247045,4.297592096,4.702211954,24.69091594,4.968995465,3.562572446,6.569643351,20.101718,-10.151416,1.172296891,0.335188,45.2403637,6.726095725,4.29998648,6.827491757
1,16.184803,-13.397953,1.300510993,2.566584,61.33881265,7.831909898,7.1538743,7.939152442,19.258959,-3.514688,6.287899181,3.2944214,54.9677495,7.41402384,4.8362874,9.721390107,17.00841,-9.883265,2.181287038,2.2888567,40.88787981,6.394363128,4.2521021,6.756174432,13.1393793,-23.999478,-4.987388188,-5.200205,84.3436633,9.183880623,5.4300507,10.45072745,22.0936935,-5.6503156,4.106612144,4.16591135,30.45971104,5.519031712,2.94965605,6.879242279,22.965182,-14.8823572,0.880776045,-0.4309564,57.65095992,7.592822922,3.9743745,7.643737722
1,16.203957,-12.11466,2.979837983,6.435614,74.76741626,8.646815382,6.56011249,9.145865222,19.297266,-2.2026656,7.587346062,5.1523223,59.08282088,7.686535037,6.10042615,10.80049263,15.514427,-7.8529816,2.082616906,2.1452048,28.69253577,5.3565414,3.6487632,5.747158337,12.813767,-24.9858896,-4.607508079,-5.726931,99.93213718,9.996606283,6.713342,11.00732792,20.4081743,-4.2616791,5.504729156,4.7884039,37.30072144,6.107431657,3.9264906,8.222090034,17.4968264,-13.7044105,-0.897221077,-1.9057844,56.66902326,7.527883053,5.7843914,7.581162768
3,11.291056,-0.7763199,2.612761505,0.3657143,13.29164472,3.645770799,1.0456676,4.485328015,10.495582,2.3223755,8.29969576,9.384672,3.395442543,1.842672663,0.291494,8.501787592,6.6630635,-0.05686229,2.348095528,2.2158337,1.378553963,1.174118377,0.748188,2.625282189,5.8634004,-10.2142629,-5.686934255,-9.17877071,26.62456962,5.159900156,0.97503826,7.678918599,10.01853727,-1.5903485,5.951600232,6.6816182,6.050146269,2.459704509,1.105523,6.43985183,3.81815323,-9.96706198,-0.264665977,1.2719196,12.63300958,3.554294527,1.7363947,3.564134911
3,10.872668,-1.4856021,4.981687281,5.1996074,10.45140055,3.232862594,2.5270798,5.938737973,14.33648,3.685275,7.665353952,7.872135,4.344424964,2.08432842,1.41617,7.943681525,4.8105497,-3.3770216,0.467653423,0.51116204,2.269174941,1.506378087,0.85891984,1.577299802,5.9920885,-15.8220821,-2.683666671,-3.192668,23.57615679,4.855528476,3.873818,5.547812505,16.1692414,0.5285199,7.197700529,7.4758947,7.356850653,2.712351499,1.7268179,7.69179716,1.97581494,-12.4187244,-4.514033858,-5.0517653,12.58282399,3.547227648,2.9897595,5.741021308
3,10.740988,0.46267948,4.296795981,4.2161894,9.55562122,3.091216786,2.9903581,5.293210455,11.676521,3.4745853,8.033288927,8.36175,2.622476136,1.619406106,1.124077,8.194889085,2.9903579,-2.2960393,-0.184868288,-0.7308301,2.510886489,1.5845777,1.03309807,1.595325287,6.6020107,-9.9999817,-3.736492946,-4.4538136,20.57882556,4.536389044,4.3005857,5.877091551,12.4019646,4.508281833,8.218157215,8.1163441,2.227704541,1.492549678,0.9678569,8.352593163,2.4833857,-12.4378785,-4.481664269,-5.0571524,18.92230498,4.349977584,3.6140474,6.245608025
3,9.877877,-0.009576807,3.722247423,2.871845,9.375955287,3.062018172,2.52947416,4.81986319,13.686454,4.271256,8.302115827,8.605359,2.244728924,1.498241944,0.754772,8.436222859,3.9905357,-2.27928,0.732553893,0.3549404,3.114247709,1.764723125,1.4335283,1.910728373,4.811148,-11.2563393,-4.579868404,-6.5469446,18.52155919,4.303668109,2.57915434,6.284644285,11.4622406,4.06715031,7.569561934,7.2484453,2.209867367,1.486562265,0.9391251,7.714151622,4.000112507,-9.99519288,-2.989693531,-3.32853893,19.99491431,4.471567322,4.24671487,5.378957308
3,10.506954,-1.448492,5.739380314,6.254852,8.576949607,2.928642963,2.071583,6.443402517,12.137405,4.160524,7.423294153,7.326257,2.682186611,1.637738261,1.3060367,7.601807857,4.522647,-2.0829554,0.469149812,0.37229836,1.680575331,1.296370059,0.9451111,1.378650382,5.194221,-11.21085,-1.683913839,-1.528099,17.50914183,4.184392647,3.4404677,4.510510796,12.4911483,2.2230163,6.954144341,7.1861966,5.148353132,2.268998266,1.7603372,7.314948848,0.98820672,-10.59015277,-5.270230502,-5.80534,8.359327991,2.891250247,2.1254536,6.011210987
3,8.398261,-4.3161473,2.896774531,2.3199813,10.92292513,3.304984891,2.6162641,4.394795537,10.576386,1.4921862,7.111958213,7.685986,4.907612997,2.215313296,1.450287,7.448997424,8.045116,-1.5711949,4.002973554,4.148553,4.251517173,2.061920748,1.6250645,4.502811838,5.0086693,-14.853627,-4.215183682,-5.3707928,27.92430232,5.284345023,4.22277328,6.759591392,9.8766809,-6.4326213,3.108984659,4.0252518,14.52444206,3.811094601,2.994548,4.918356196,11.294048,-2.7647046,1.106199023,0.2681506,8.200144947,2.863589521,1.0977414,3.069824299
3,9.332,-5.3007627,2.48692196,2.082357,11.51149764,3.392859803,3.0400377,4.206694483,11.486182,2.355296,7.755607029,8.313866,4.915754615,2.217150111,1.4365214,8.066299958,7.683592,-3.5045128,3.050268006,2.9119477,5.078325804,2.253514101,1.8680759,3.792421484,5.5988407,-16.6726215,-5.268685069,-6.6020118,29.45930314,5.427642503,4.11144205,7.564280898,11.871649,-4.5801077,4.705339023,5.8957216,17.16674785,4.143277429,2.8227635,6.269526551,10.3806601,-7.5453268,0.563346046,0.576404,6.382200681,2.52630178,1.58795423,2.58835072
3,10.454282,-7.763199,3.15708682,3.2854433,11.33509087,3.366762669,2.1428104,4.615440181,12.3277445,1.5215151,7.352089703,7.9355817,5.082047361,2.254339673,1.3988123,7.689946057,8.256405,-2.7353754,3.537557474,3.8301241,6.860712785,2.619296239,2.0165165,4.401707131,6.409877,-20.0909435,-4.195002883,-4.1551372,26.89840015,5.186366758,3.8684315,6.670565893,11.1928934,-6.641516,3.814532229,4.2981905,18.1370409,4.258760489,2.9346936,5.717315544,14.308348,-5.5120509,0.380470654,0.2472016,12.5602393,3.544042791,1.93810606,3.564406994
3,10.809821,-4.6166196,1.988630768,1.8423382,12.39391053,3.52049862,3.0053216,4.043335611,11.975797,2.7485435,7.790975174,8.425795,4.560910383,2.135628803,1.2264303,8.078378831,8.6017685,-4.3418846,3.110040652,3.084929,7.154162314,2.674726587,2.2254106,4.102013551,5.804144,-15.7137445,-5.802344406,-6.8013284,29.54800684,5.435807837,4.3736079,7.95079917,12.2164142,-5.4994817,4.680934521,5.8687871,19.41310538,4.406030569,3.1334113,6.428394307,10.189723,-7.2107367,1.121409884,1.2862848,7.451421774,2.729729249,1.4832079,2.951098423
3,5.995081,-1.2258313,2.422061491,2.3080103,2.895890864,1.701731725,1.3503299,2.960113634,10.793061,-0.02873042,6.402433894,7.249643,8.421309328,2.901949229,1.915361,7.029400337,13.081918,-0.22984336,6.424876546,6.4260373,7.849662406,2.801724898,2.3463177,7.009186903,4.5489832,-10.84094503,-3.980372403,-4.2808328,18.95336945,4.353546766,3.7828384,5.898875648,8.94473746,-10.09395442,-0.022442653,1.1013327,28.1197113,5.302802212,4.3095625,5.302849703,9.6725748,-1.12048642,4.002815056,4.00310528,3.8163049,1.953536511,1.30244558,4.454080519
3,6.2823853,-1.7717092,2.38364768,2.4995465,3.398920554,1.843616162,1.2066777,3.013419456,10.266336,0.9768343,6.336523514,7.1251445,8.588565889,2.930625512,2.1356275,6.981410755,13.723564,-0.19153613,6.326360382,6.6654577,8.972547308,2.995421057,2.2122427,6.999670206,4.8075571,-11.3868232,-3.952875834,-4.1754878,20.27300735,4.502555646,3.8881836,5.991513557,9.442731,-10.103531,0.010163132,0.6416459,30.77169209,5.547223818,4.8745948,5.547233128,12.2774661,-1.76213256,3.942712702,3.9264906,5.382632654,2.32005014,1.2545611,4.574671148
3,5.813122,-2.0590134,1.565082411,1.8866309,3.065730878,1.750922865,1.2258312,2.348449239,10.247183,2.2122424,7.066716041,7.6614456,5.169612107,2.273678101,1.5610194,7.423482183,13.244724,0.047884032,6.368479777,6.6271505,10.13677544,3.18383031,2.7006597,7.119993688,3.6008796,-11.5687824,-5.501633631,-5.8801598,14.41735473,3.797019189,2.9592324,6.68470847,9.595960968,-8.96389,0.698236264,1.1204866,27.23906693,5.219105951,4.5872906,5.265605455,10.515334,-1.2162544,4.803397367,4.8554413,5.34644768,2.312238673,1.57059675,5.330954318
3,5.404312,-2.890091,1.782910771,1.875412,2.557932572,1.599353798,1.0437927,2.395141622,11.23497,3.1440887,7.851831995,8.579666,4.708874159,2.169994046,1.560333,8.146173325,10.65918,-1.2188721,4.807108743,4.8022766,11.6803673,3.417655234,3.3039551,5.898191398,0.9986268,-12.849182,-6.068921224,-6.682831,10.37059156,3.220340286,2.6910095,6.870400016,11.0815581,-6.3522796,3.044723252,4.234421,29.37911783,5.420250717,4.7202754,6.216868787,8.0018162,-3.3537444,3.024197972,3.352951005,9.9711709,3.157716089,2.826690695,4.372292793
3,2.1396332,-1.3321381,0.457192917,0.4329071,0.53861785,0.733905886,0.473693843,0.864663642,11.208786,9.30806,10.15508008,10.151901,0.233996565,0.483731914,0.436798,10.16659471,2.7765808,-1.4450073,0.811418754,0.917511,0.628193108,0.792586341,0.5034485,1.134281051,-7.3624268,-12.1814879,-9.697887159,-9.58331306,0.96391638,0.981792432,0.76528926,9.747457706,11.55882262,6.8623502,9.343661322,9.1951141,0.849591984,0.921733142,0.5784301,9.389014798,2.7304841,-2.3444672,0.354225837,0.51316833,0.73839008,0.85929627,0.53439333,0.929443933
3,6.730179,-5.8703156,1.847859189,1.8992157,4.507492271,2.123085554,1.0211793,2.814618243,12.602493,3.1631317,7.540134281,8.075027,5.325565843,2.307718753,1.894775,7.885378293,10.544922,-2.0127258,5.565899655,5.5520935,11.1619084,3.340944238,3.0706787,6.491621321,-0.030884,-13.6858826,-5.692275092,-5.855652,12.84455569,3.583930202,3.3063355,6.726555688,14.6152188,-6.9497528,1.974234626,3.1144565,29.31212129,5.414066982,4.9618832,5.762787836,10.0751191,-5.1187896,3.718040466,4.5121918,10.84226392,3.292759317,2.357758,4.966496635
3,8.862991,-2.2081146,2.389812579,2.4062347,5.536537936,2.352984899,1.6174621,3.353765361,13.921219,3.5785065,8.40448041,8.776047,3.850844464,1.962356865,1.366333,8.63053506,11.065033,-4.650177,4.161932733,4.4345093,10.17065371,3.189146235,2.4613037,5.243313626,3.7051084,-13.1324464,-6.014667831,-6.1996154,12.41373474,3.523313035,2.8683474,6.970650175,14.07725538,-7.4865265,4.242547677,4.8973543,22.61939562,4.755985242,3.8121648,6.373272818,9.46931447,-8.571518,1.772120154,2.243698096,11.51643523,3.393587369,1.875732404,3.828425926
3,6.60997,-3.2828522,2.44870873,3.3917084,8.109927053,2.847793366,1.9899902,3.755809034,11.127853,0.29597473,7.056120413,8.2845,9.244340691,3.040450738,2.039978,7.683305017,10.127167,-1.9603577,4.7035273,4.707062,11.76366835,3.429820454,3.1647036,5.821240195,5.303528,-14.2928772,-4.607411683,-5.7354431,30.63226726,5.534642469,5.183258,7.201424143,12.6145177,-9.05995177,2.352593113,3.958298,38.83652232,6.231895564,5.3367924,6.66117232,5.4167326,0.035904,2.25481857,2.086593585,2.062587958,1.436171284,1.197326585,2.673348975
3,6.256485,-2.4211578,3.289400505,3.8166046,3.941981615,1.985442423,1.4115601,3.842152691,11.632492,4.511612,8.080750016,8.194046,3.117158018,1.765547512,1.4472656,8.271377083,7.6242065,-0.70114136,4.552998846,4.56781,4.529185262,2.128188258,1.8638306,5.025831648,1.0962219,-12.6944578,-4.791349511,-4.62262,12.36978907,3.517071093,2.9433285,5.943636867,10.76496886,-2.6329498,3.52775117,4.2201386,13.49335814,3.67333066,2.864777,5.092974225,3.21965024,-1.5684662,1.263598341,1.2820284,0.93672862,0.967847415,0.67126443,1.591668743
3,6.244583,-3.6756134,0.167602538,-0.8989105,6.393995,2.528635007,1.398468,2.534183421,12.32637,4.375931,8.980728168,9.381851,2.63224261,1.622418753,0.821228,9.126101086,7.981262,1.0043945,3.505065914,2.3909607,4.452347778,2.110058714,0.7938538,4.091189905,1.868652,-15.3271484,-8.813125629,-10.4009704,15.13363518,3.890197318,1.7817077,9.633525758,9.977066,-2.5662994,5.475662254,7.0277862,11.37442561,3.372599237,1.3544316,6.43096437,6.15107725,-0.252121,3.337463376,3.4374542,1.601689532,1.265578734,0.6712646,3.569362872
5,-2.1547816,-2.6431987,-2.433350853,-2.4420857,0.006381053,0.079881491,0.047884,2.434661665,9.835381,9.595961,9.715302231,9.710882,0.002185661,0.046751057,0.028731,9.715414716,0.7086837,0.51714754,0.615757108,0.62249243,0.001524881,0.03904972,0.01915359,0.616994081,-11.8656638,-12.3540807,-12.14865308,-12.1529681,0.008712467,0.093340597,0.0574607,12.14901166,9.2320416,8.9351605,9.099545123,9.09796657,0.004015845,0.063370697,0.03830747,9.099765782,3.26569113,2.80600444,3.049107961,3.05500124,0.005484302,0.074056073,0.03830701,3.050007157
5,-2.2888567,-2.5187001,-2.403198144,-2.4037786,0.00234164,0.048390493,0.0383072,2.403685287,9.80665,9.662998,9.729165162,9.730036,7.56E-04,0.027497639,0.019153,9.72920402,0.6799533,0.50757074,0.599953089,0.60333884,0.001282741,0.035815367,0.0191536,0.601021173,-12.0284694,-12.2391591,-12.13236331,-12.1338141,0.002313002,0.048093679,0.028731,12.13245863,9.29907926,9.04050557,9.129212072,9.11712036,0.002231888,0.047242866,0.02873026,9.12933431,3.1411926,2.88261874,3.003151234,2.99754063,0.003199857,0.056567281,0.03830723,3.003683937
5,-2.2505496,-2.4995465,-2.381751926,-2.384625,0.001754511,0.041886887,0.0287304,2.382120221,9.797073,9.643845,9.72926963,9.730036,6.80E-04,0.026075614,0.019153,9.729304573,0.7374141,0.5746084,0.651797476,0.6512229,9.57E-04,0.03093828,0.01915367,0.652531322,-11.9997386,-12.2200055,-12.11102156,-12.1146606,0.001481713,0.03849303,0.0191541,12.11108273,9.1841576,8.9638917,9.077472154,9.078813,0.001814161,0.042592973,0.02873036,9.07757208,3.169923,2.88261883,3.033549402,3.0358479,0.00266363,0.051610364,0.0383072,3.033988399
5,-2.27928,-2.5187001,-2.390138894,-2.384625,0.001790002,0.042308418,0.0287304,2.39051332,9.797073,9.634268,9.738838727,9.739613,7.65E-04,0.027651725,0.019153,9.738877983,0.7661445,0.545878,0.652286955,0.6512229,0.001898948,0.043576916,0.02873047,0.653740942,-12.018893,-12.258313,-12.12897762,-12.1242378,0.001812762,0.042576546,0.02873,12.12905235,9.184158,8.9830453,9.086551772,9.0883901,0.002478489,0.04978443,0.0383069,9.086688153,3.1890766,2.92092594,3.042425849,3.0454247,0.003929201,0.062683337,0.03830726,3.043071515
5,-2.2984335,-2.4995465,-2.379645024,-2.3750482,0.001545365,0.039311129,0.0191536,2.379969707,9.80665,9.672575,9.7359734,9.730036,5.99E-04,0.024482908,0.019153,9.736004183,0.7661445,0.58418524,0.683784013,0.6799533,9.37E-04,0.030615831,0.0191536,0.684469068,-12.0284695,-12.2295827,-12.11561842,-12.114661,0.001495874,0.038676527,0.0287301,12.11568016,9.15542776,8.9638909,9.052189387,9.0500825,0.001565725,0.039569249,0.0287302,9.05227587,3.169923,2.90177234,3.063429037,3.0645783,0.002630908,0.051292373,0.0287304,3.063858412
5,-2.3080103,-2.5953147,-2.440537982,-2.4420857,0.003056626,0.05528676,0.0383071,2.441164121,9.825804,9.519346,9.72084596,9.720459,0.001680368,0.040992297,0.019154,9.72093239,0.6703765,0.50757074,0.569287968,0.5650316,0.001160285,0.03406296,0.01915364,0.570306125,-11.9901621,-12.3061965,-12.16138394,-12.162545,0.003802505,0.061664456,0.0383074,12.16154028,9.2224646,8.92558396,9.151557991,9.1554278,0.002493762,0.049937579,0.02873064,9.151694238,3.18907684,2.8538883,3.00982595,3.0071173,0.003642739,0.060355111,0.0383072,3.01043103
5,-2.2984335,-2.528277,-2.423889833,-2.432509,0.001776519,0.042148778,0.0287303,2.424256266,9.77792,9.643845,9.72553472,9.730036,8.23E-04,0.028681001,0.019154,9.725577011,0.6895301,0.51714754,0.597018142,0.59376204,0.001950269,0.044161851,0.03830719,0.598649255,-12.0284698,-12.2391591,-12.14942455,-12.1529681,0.002084962,0.04566138,0.0287302,12.14951036,9.2320416,8.9734685,9.128516578,9.12669696,0.00298202,0.054607871,0.03830744,9.128679912,3.1890766,2.882619,3.020907975,3.00711744,0.004237825,0.065098577,0.03830724,3.021609309
5,-2.3558946,-2.585738,-2.471009604,-2.480393,0.001689743,0.04110648,0.0287303,2.471351494,9.768343,9.653421,9.72191004,9.720459,5.44E-04,0.023314297,0.019154,9.721937996,0.7565677,0.60333884,0.683048821,0.6895301,9.21E-04,0.030340394,0.0191536,0.683722335,-12.0859302,-12.2870431,-12.19291964,-12.1912753,0.001775087,0.042131785,0.0191542,12.19299244,9.16500416,8.9447375,9.038861219,9.0405057,0.001671334,0.040881948,0.0287304,9.038953671,3.3039985,2.97838703,3.154058425,3.1507695,0.002696168,0.051924635,0.0383071,3.154485809
5,-2.3558946,-2.585738,-2.466889645,-2.4708161,0.001654714,0.040678179,0.0191536,2.467225007,9.77792,9.662998,9.71930974,9.720459,4.22E-04,0.020552465,0.009577,9.71933147,0.7661445,0.62249243,0.69364812,0.6991069,7.25E-04,0.026926149,0.0191536,0.694170535,-12.0571996,-12.3061971,-12.18619939,-12.191275,0.001813124,0.042580796,0.0191541,12.18627378,9.10754357,8.9447375,9.02566162,9.0213523,0.001139793,0.033760815,0.0191542,9.025724762,3.3039985,2.97838703,3.160537765,3.1603462,0.00292751,0.054106467,0.0287304,3.161000866
5,-2.2026656,-2.72939,-2.500816943,-2.4995465,0.007119418,0.084376641,0.047884,2.502239956,9.80665,9.634268,9.719188592,9.720459,0.001401254,0.037433325,0.02873,9.719260679,0.80445176,0.61291564,0.691777706,0.6895301,0.001697294,0.041198232,0.0287304,0.693003382,-11.9231244,-12.430695,-12.22000553,-12.2295823,0.007743393,0.087996552,0.057461,12.22032236,9.15542757,8.8777005,9.027410886,9.0309285,0.002907533,0.053921549,0.0383066,9.027571924,3.4476505,2.8730421,3.192594648,3.1890766,0.009262089,0.096239749,0.047884,3.194044877
5,-2.3654714,-2.6623523,-2.50969795,-2.5091233,0.003629757,0.060247464,0.0383072,2.510420992,9.816227,9.615114,9.70398694,9.701305,0.001559302,0.039487993,0.02873,9.704067283,0.82360536,0.61291564,0.701596865,0.6991069,0.001536449,0.039197566,0.0191536,0.702690978,-12.0380464,-12.4211183,-12.21368489,-12.2200055,0.006954239,0.083392079,0.0574608,12.21396958,9.15542757,8.8777005,9.002390075,8.9926221,0.00359886,0.059990497,0.0383076,9.002589956,3.3614592,3.07415494,3.211294815,3.2082302,0.004356251,0.066001902,0.047884,3.211973014
5,-2.4229321,-2.6527755,-2.552073855,-2.5570073,0.001597818,0.039972715,0.0287303,2.552386878,9.77792,9.615114,9.691631899,9.691729,0.001199699,0.034636665,0.019154,9.691693792,0.6991069,0.5554548,0.62994107,0.63206923,0.001018235,0.031909789,0.02873039,0.630748751,-12.1146605,-12.3349273,-12.24370575,-12.2487355,0.002199951,0.046903633,0.0287308,12.24379559,9.1745812,8.9638911,9.061690829,9.0596591,0.002451804,0.04951569,0.03830706,9.061826112,3.3039984,2.9975405,3.182014925,3.17950004,0.002934122,0.054167536,0.03830696,3.182475939
5,-2.4516625,-2.633622,-2.533790865,-2.528277,0.001497259,0.038694435,0.0287303,2.534086306,9.749189,9.634268,9.702272778,9.701305,5.01E-04,0.022387056,0.019153,9.702298606,0.7086837,0.58418524,0.655866176,0.6607997,7.31E-04,0.027031282,0.0191536,0.656422982,-12.1338141,-12.3253507,-12.23606364,-12.2391593,0.002137849,0.046236874,0.028731,12.236151,9.14585096,8.9734683,9.046406602,9.0500821,0.001150066,0.033912624,0.0287298,9.046470166,3.3231521,3.08373174,3.189657041,3.1890766,0.002173038,0.046615852,0.02873056,3.189997661
6,-0.1436521,-0.22984336,-0.179154001,-0.18195933,3.45E-04,0.018576726,0.00957681,0.180114549,1.4173675,1.3120226,1.364840081,1.3694834,4.71E-04,0.021709255,0.0095768,1.365012724,10.342952,10.228029,10.28655436,10.28549,6.95E-04,0.026355689,0.019154,10.28658813,-1.4844051,-1.60890345,-1.543994082,-1.54186591,7.98E-04,0.028244397,0.01915361,1.544252399,-8.8393923,-8.992622,-8.921714283,-8.925583,0.001269055,0.035623792,0.02873,8.921785404,10.54406455,10.39083491,10.46570836,10.46745072,9.25E-04,0.030417916,0.01915481,10.46575257
6,-0.1340753,-0.23942018,-0.180331272,-0.18195933,4.72E-04,0.021714445,0.01915361,0.18163393,1.4173675,1.3215994,1.365556889,1.3694834,3.93E-04,0.019817016,0.0191536,1.365700674,10.419566,10.141838,10.29363069,10.295067,9.07E-04,0.030113985,0.019154,10.29367474,-1.48440511,-1.60890346,-1.545888161,-1.54186593,6.33E-04,0.025162754,0.0191536,1.546092937,-8.8202386,-9.078813,-8.928073801,-8.9255849,0.001343867,0.036658795,0.0287291,8.928149061,10.59194852,10.32379733,10.47396196,10.47702613,0.001327831,0.036439415,0.019154,10.47402535
6,-0.12449849,-0.22984336,-0.17971171,-0.18195933,4.94E-04,0.022220862,0.00957681,0.181080273,1.4077905,1.3215994,1.362642812,1.3599066,3.48E-04,0.018658569,0.0095768,1.362770551,10.362105,10.247183,10.29047418,10.295067,5.58E-04,0.023626743,0.019154,10.29050131,-1.4748283,-1.59932665,-1.542354522,-1.54186593,6.93E-04,0.026329445,0.0191536,1.54257924,-8.868123,-9.0117756,-8.927831371,-8.9255836,9.13E-04,0.030216695,0.019154,8.927882506,10.54406475,10.4099881,10.47018589,10.46744952,0.001102472,0.033203491,0.019154,10.47023854
6,-0.1340753,-0.23942018,-0.18592548,-0.19153613,4.26E-04,0.020643891,0.00957681,0.187068047,1.4269443,1.3024458,1.363582525,1.3599066,5.83E-04,0.024147423,0.0191535,1.36379632,10.362105,10.228029,10.29255201,10.28549,5.33E-04,0.023083889,0.019154,10.2925779,-1.4748283,-1.62805725,-1.549508005,-1.54186594,0.001057929,0.032525813,0.01915361,1.549849343,-8.8298157,-9.0117756,-8.928969485,-8.9255836,0.001184556,0.034417376,0.0287302,8.929035817,10.56321818,10.4099883,10.47847749,10.48660275,0.001008634,0.031759003,0.01915381,10.47852562
6,-0.11492168,-0.23942018,-0.186892834,-0.18195933,5.95E-04,0.024401497,0.01915361,0.188479082,1.4173675,1.3024458,1.361357612,1.3599066,4.01E-04,0.0200221,0.0095768,1.361504841,10.352529,10.228029,10.30145189,10.304645,5.23E-04,0.022858621,0.019153,10.30147725,-1.46525148,-1.63763405,-1.548250446,-1.55144262,0.001176547,0.034300833,0.01915372,1.54863036,-8.8489689,-9.0213528,-8.940094277,-8.9351616,0.001014192,0.031846383,0.0191547,8.940150998,10.57279518,10.4004121,10.48834472,10.48660433,0.001216147,0.034873302,0.02872922,10.4884027
6,-0.11492168,-0.24899697,-0.190278574,-0.19153613,7.00E-04,0.02645214,0.01915362,0.192108437,1.4269443,1.3024458,1.363002115,1.3599066,5.41E-04,0.02325312,0.0191535,1.363200452,10.352529,10.25676,10.29738888,10.295067,4.62E-04,0.021483533,0.019154,10.29741129,-1.46525148,-1.63763405,-1.553280689,-1.55144274,0.001188918,0.034480694,0.01915362,1.553663354,-8.8298157,-9.011776,-8.934386764,-8.9351602,0.001137059,0.033720307,0.0191538,8.934450397,10.59194918,10.4004121,10.48766745,10.48660313,0.001231946,0.035099092,0.019154,10.48772619
6,-0.15322891,-0.23942018,-0.190955722,-0.19153613,4.02E-04,0.02004315,0.00957681,0.192004729,1.4269443,1.3120226,1.365710701,1.3599066,4.20E-04,0.020500121,0.0095768,1.365864552,10.333375,10.228029,10.28694126,10.28549,4.49E-04,0.021191328,0.009577,10.28696309,-1.49398191,-1.64721085,-1.556666423,-1.55144273,8.69E-04,0.029486994,0.0191536,1.556945676,-8.839392,-8.992622,-8.921230562,-8.9255832,9.90E-04,0.031463173,0.0191552,8.921286043,10.55364136,10.41956491,10.47789699,10.47702633,7.89E-04,0.02809781,0.01915361,10.47793466
6,-0.1436521,-0.23942018,-0.180905879,-0.18195933,3.17E-04,0.017808483,0.00957681,0.181780305,1.4077905,1.3215994,1.368238391,1.3694834,3.50E-04,0.018700746,0.0095768,1.368366184,10.362105,10.228029,10.29794031,10.295067,4.45E-04,0.02109109,0.009578,10.29796191,-1.4652515,-1.63763386,-1.54914427,-1.55144273,7.47E-04,0.027327284,0.00957681,1.549385282,-8.8202385,-9.0021986,-8.929701919,-8.9351602,9.47E-04,0.030773148,0.0191542,8.929754943,10.57279518,10.41956491,10.47884619,10.47702691,7.94E-04,0.028172861,0.01915342,10.47888406
6,-0.1436521,-0.23942018,-0.189698162,-0.19153613,3.64E-04,0.019089503,0.00957681,0.190656239,1.4077905,1.3024458,1.366000894,1.3694834,4.70E-04,0.021670417,0.0095768,1.366172774,10.371682,10.237606,10.30261267,10.304645,8.03E-04,0.028333727,0.019153,10.30265163,-1.47482832,-1.61848025,-1.555699055,-1.56101943,7.75E-04,0.027836919,0.01915361,1.555948086,-8.858546,-9.021352,-8.936611773,-8.9351602,0.001232824,0.035111589,0.0287289,8.936680748,10.56321875,10.4195651,10.49231083,10.49617975,0.001259796,0.03549361,0.02872903,10.49237086
6,-0.1436521,-0.25857377,-0.194728403,-0.19153613,4.11E-04,0.020281245,0.00957681,0.195781715,1.4173675,1.3024458,1.366968259,1.3694834,4.42E-04,0.021025188,0.0095768,1.367129942,10.352529,10.237606,10.29748567,10.295067,6.10E-04,0.024702987,0.019154,10.2975153,-1.47482832,-1.62805717,-1.561696662,-1.56101954,9.62E-04,0.031017523,0.01915362,1.562004658,-8.8393925,-9.0213526,-8.930517408,-8.9255849,9.53E-04,0.030871451,0.0191549,8.930570767,10.58237177,10.4291421,10.49221407,10.48660433,0.001369287,0.037003881,0.02873181,10.49227932
7,10.141838,8.542512,9.215569566,9.193734,0.150076117,0.387396588,0.191536,9.223708502,0.21068975,-0.38307226,-0.016581557,-0.009576807,0.014637948,0.120987388,0.057460839,0.122118369,8.628703,-0.10534488,3.234607541,3.169923,3.388683977,1.840837846,0.794875,3.72174286,10.17056856,8.590396,9.232151122,9.212887614,0.114018254,0.337665891,0.172383066,9.238324123,0.258573784,-8.9160072,-3.251189097,-3.189076614,3.715644719,1.927600768,0.804451714,3.779666026,-0.919374,-9.20331058,-5.980962025,-6.0238115,3.319773443,1.822024545,0.766145,6.252333979
7,9.241618,9.14585,9.19564959,9.193734,4.49E-04,0.021199142,0.019153,9.195674026,0.02873042,-0.047884032,-0.013120225,-0.019153614,3.00E-04,0.017326082,0.009576807,0.021733233,3.2369606,3.0933087,3.171934203,3.169923,5.84E-04,0.024162968,0.0191535,3.172026235,9.279925227,9.155427193,9.208769815,9.212887614,8.61E-04,0.029338632,0.019154193,9.208816551,-3.102885386,-3.23696072,-3.185054428,-3.179499927,7.80E-04,0.027926847,0.0191536,3.185176859,-5.96635,-6.1195793,-6.023715387,-6.023811,9.27E-04,0.030450447,0.0191535,6.023792351
7,9.241618,9.14585,9.195185253,9.193734,4.19E-04,0.020479564,0.019153,9.195208059,0.02873042,-0.047884032,-0.008512717,-0.009576807,1.89E-04,0.013739836,0.009576807,0.016163213,3.2273839,3.0933087,3.171470843,3.169923,5.52E-04,0.023486184,0.0191535,3.171557805,9.279925032,9.155426807,9.20369797,9.203311,5.83E-04,0.024155533,0.019153227,9.203729668,-3.102885507,-3.23696072,-3.179983561,-3.179499914,7.01E-04,0.026477588,0.0191536,3.180093789,-5.956774,-6.1195793,-6.023714409,-6.023811,9.09E-04,0.030146369,0.0191537,6.023789844
7,9.232041,9.14585,9.193444,9.193734,2.81E-04,0.016751699,0.009577,9.193459262,0.038307227,-0.038307227,-0.005610655,-0.009576807,1.91E-04,0.013815227,0.009576807,0.014911068,3.2273839,3.0933087,3.16769817,3.169923,6.70E-04,0.025892208,0.0191535,3.167803987,9.241618614,9.145849773,9.199054655,9.203310807,4.86E-04,0.022042101,0.019153,9.199081062,-3.102885507,-3.236960707,-3.173308824,-3.169923114,8.83E-04,0.02970737,0.019153614,3.173447876,-5.9663507,-6.1195793,-6.02574583,-6.0238111,8.71E-04,0.029509218,0.0191536,6.025818086
7,9.241618,9.14585,9.199731778,9.203311,4.24E-04,0.020579891,0.009577,9.199754796,0.038307227,-0.038307227,-0.004740036,0,3.42E-04,0.018482795,0.009576807,0.019080924,3.2273839,3.122039,3.180854179,3.1794999,4.39E-04,0.020955659,0.0191536,3.180923207,9.26077142,9.136273193,9.204471813,9.203311193,7.49E-04,0.027368788,0.019153807,9.204512503,-3.131615893,-3.25611432,-3.185594214,-3.179499914,6.25E-04,0.025004931,0.019153593,3.185692349,-5.9471971,-6.081272,-6.018877599,-6.0238107,8.51E-04,0.029174,0.0191538,6.018948303
7,9.232041,9.14585,9.191584296,9.193734,3.53E-04,0.0187851,0.009577,9.191603492,0.038307227,-0.06703765,-0.008306414,-0.009576807,3.44E-04,0.018539741,0.009576807,0.020315475,3.2561142,3.1028855,3.176568205,3.1794999,6.22E-04,0.024943542,0.0095769,3.176666136,9.270348227,9.145849773,9.19989071,9.193734193,6.67E-04,0.025822594,0.019153227,9.19992695,-3.112462286,-3.294421427,-3.184874619,-3.1794999,8.97E-04,0.029944713,0.019153593,3.185015389,-5.93762,-6.1004251,-6.015016091,-6.0142341,7.93E-04,0.028160363,0.0191534,6.015082009
7,9.222465,9.155427,9.190832152,9.193734,2.73E-04,0.016529025,0.009577,9.190847015,0.02873042,-0.047884032,-0.005223713,-0.009576807,2.47E-04,0.015714073,0.009576807,0.016559567,3.2465374,3.1507695,3.188979942,3.1890767,5.23E-04,0.022878255,0.0191536,3.189062008,9.25119542,9.145850193,9.196055864,9.193734,5.26E-04,0.022942816,0.01915342,9.196084484,-3.131615886,-3.256114332,-3.194203655,-3.18907672,8.03E-04,0.028334706,0.019153613,3.194329327,-5.9471964,-6.0621187,-6.001852209,-6.0046571,8.08E-04,0.028430648,0.019154,6.001919546
7,9.222465,9.14585,9.18789236,9.184157,3.26E-04,0.018064141,0.009577,9.187910118,0.047884032,-0.05746084,-0.00497994,0,3.04E-04,0.01742242,0.009576807,0.018120169,3.2369606,3.1316159,3.181798315,3.1794999,5.06E-04,0.022505274,0.0095769,3.181877905,9.241618614,9.097965968,9.1928723,9.193734,6.28E-04,0.025050076,0.019153193,9.19290643,-3.131615886,-3.265691127,-3.186778255,-3.189076686,6.35E-04,0.025197003,0.0191536,3.186877866,-5.9471964,-6.0908491,-6.006094045,-6.0046571,8.72E-04,0.029529329,0.0191542,6.006166636
7,9.346964,9.14585,9.194217848,9.193734,6.68E-04,0.025840143,0.019153,9.19425416,0.02873042,-0.038307227,-0.003966152,0,2.69E-04,0.016391446,0.009576807,0.016864455,3.217807,3.122039,3.175630459,3.169923,3.83E-04,0.019580252,0.0191535,3.175690822,9.37569442,9.126696386,9.198184001,9.193734614,0.001067813,0.032677405,0.019153614,9.198242045,-3.11246228,-3.236960614,-3.179596611,-3.179499807,6.59E-04,0.025664614,0.019153507,3.179700187,-5.9376197,-6.1578873,-6.01858739,-6.0142345,9.95E-04,0.031551159,0.0191535,6.018670089
2,2.1068976,-8.149862,-2.763247331,-2.6048915,5.353853858,2.313839635,1.66636445,3.604079587,12.98615,5.554548,8.459319182,8.1881695,2.464266958,1.569798381,0.9864105,8.603740348,7.5848308,3.8786068,6.044899794,6.301539,0.872337744,0.933990227,0.5650316,6.116629077,-6.9336082,-16.46253,-11.22256651,-11.25274886,4.050873125,2.012678098,1.32159787,11.40161709,7.718906,-1.149217,2.414419388,2.1068977,4.635165013,2.152943337,1.5993273,3.234901234,15.53358,3.380613,8.808147125,8.7915086,7.696163065,2.774195931,2.1068978,9.234696467
2,0.45010993,-6.215348,-2.308494099,-2.231396,3.035272527,1.742203354,1.2354081,2.892130276,11.894394,6.0142345,8.345074643,8.264784,2.119823728,1.455961445,1.120486,8.471133014,9.097966,4.1276035,6.428745954,6.4739213,1.157787155,1.076005183,0.6416459,6.518171652,-7.8242513,-13.5416043,-10.65356874,-10.5344874,1.459028282,1.207902431,0.73741446,10.72182611,5.094861,-2.1739357,1.91632869,2.1930886,3.793889466,1.947790919,1.6089036,2.732435747,13.1681097,4.979939454,8.737240053,8.0732479,5.044344958,2.245961923,1.6472109,9.021291964
2,2.5474305,-5.90889,-2.299110769,-2.4708161,3.075065646,1.753586509,1.1971009,2.891535228,11.971008,4.999093,7.962195846,7.6135616,3.528645942,1.878469042,1.4939814,8.180782887,10.113108,5.1810527,7.267345315,7.240066,1.427074787,1.194602355,0.8044515,7.364874929,-5.55454814,-13.6277956,-10.26130662,-10.3333745,3.432414267,1.852677594,1.5418656,10.42721572,4.395754,-3.907337,0.694850531,0.6703764,4.171938959,2.042532487,1.5418659,2.157488406,15.5144276,3.8881837,9.566456084,9.260772,5.396612281,2.323060972,1.26413838,9.844475318
2,3.6296098,-6.0142345,-2.05001706,-2.030283,4.422724718,2.103027513,0.9193735,2.936885198,12.373235,5.1235914,8.012304857,7.920019,3.605043168,1.898695122,1.580173,8.234201375,9.653421,5.267244,7.126885474,6.9048777,1.801682368,1.342267621,1.1396398,7.252184424,-5.8035452,-14.5375925,-10.06232192,-10.1514149,3.606184111,1.898995553,1.3503297,10.2399466,5.6024325,-2.384625,0.885419383,0.890642,3.215273579,1.793118395,1.2737143,1.999810257,15.3611985,2.0111296,9.176902533,9.548077,7.229392743,2.688753009,1.369483,9.562684396
2,-0.41180268,-6.483498,-3.228447984,-3.6391866,2.721179513,1.649599804,1.4748282,3.625473196,13.215993,5.8705826,8.849936831,8.418014,3.322986357,1.82290602,1.2545623,9.035727324,6.9623384,3.9456444,5.157642508,4.960786,0.648382636,0.805222104,0.6129157,5.220120581,-9.710882,-15.0547399,-12.07838482,-11.971009,1.590713336,1.261234846,0.9193733,12.14405587,8.2935147,0.45011,3.692294323,3.6391866,4.332238829,2.081403091,1.8291699,4.238546472,12.6126545,5.0757075,8.386090492,8.2743611,4.487364988,2.118340149,1.6472105,8.649501646
2,0.29688102,-8.63828,-3.336017787,-3.4859576,3.597410749,1.896684146,1.3120224,3.837502498,14.451402,5.7365074,9.315621217,8.781932,4.95321333,2.225581571,1.7621325,9.577787427,7.9870567,2.920926,5.199915867,4.912902,1.434191639,1.197577404,0.6033386,5.336039417,-7.441179,-16.7977194,-12.651639,-12.6892693,3.48321908,1.866338415,0.9385276,12.78855694,9.6534217,-1.0917559,4.115705351,3.9360683,8.13195984,2.851659138,2.2888576,5.007094005,14.0683294,4.10845012,8.535933653,8.4658974,5.263890187,2.294316932,1.4652512,8.838894361
2,0.7086837,-6.205771,-3.387577726,-4.4819455,5.360869537,2.315355164,1.0438719,4.103236818,18.885464,3.1794999,10.47054533,9.433155,22.88398081,4.783720395,4.0126824,11.51157245,1.9632454,-1.4077905,0.400678118,0.5554548,0.786734526,0.886980567,0.794875,0.973281809,-4.78840337,-23.3195235,-13.85812306,-13.024458,32.85064617,5.731548322,4.941633,14.99660698,19.79526066,3.9743747,10.06986721,9.2128873,24.01226998,4.900231625,4.2616779,11.19886136,8.0828247,-0.32561144,3.788255844,4.0509895,5.087325291,2.255509985,2.0302828,4.408878273
2,1.0726024,-8.532935,-3.483732761,-4.223372,5.166668669,2.273030723,1.043872,4.159695016,19.10573,3.5338416,10.68713601,9.969456,23.45629956,4.843170403,4.367024,11.73333608,1.934515,-1.2449849,0.496349443,0.59376204,0.625055103,0.790604264,0.62249246,0.933497655,-5.2002062,-23.6355594,-14.17086877,-12.7754603,33.65120773,5.800966103,4.5106759,15.31224116,19.7186464,3.95522134,10.19078656,8.9830447,23.9013131,4.888896921,3.8881843,11.3028069,9.9886096,0.07661443,3.980082205,4.01268208,5.598612309,2.366138692,1.94409177,4.630298766
2,0.7661445,-6.789956,-3.40768192,-4.050989,4.284626664,2.069933976,0.986411,3.987094522,18.962078,3.323152,10.43197661,8.590396,24.78120676,4.978072595,3.5146886,11.55886425,3.083732,-2.1930888,0.671646876,0.7757214,1.302700001,1.14135884,0.8140285,1.324314739,-5.90889,-23.0896826,-13.83965852,-12.3636573,32.75769712,5.723434032,4.5777135,14.97644301,21.0402458,3.11246212,9.760329729,7.4507562,27.14298528,5.20989302,2.72939046,11.06377068,9.672575,0.27772736,4.079328796,4.06056625,5.522952437,2.350096261,1.82916993,4.707852575
2,1.9919758,-7.469909,-3.031784869,-3.8402996,5.887819539,2.426482957,1.5514424,3.883238215,19.258959,4.0797195,10.4290459,9.14585,23.50897238,4.848605199,3.438073,11.50104216,1.9632454,-1.8483237,0.276276371,0.32561144,0.850654795,0.92230949,0.72783732,0.962799786,-5.1331684,-23.817518,-13.46083077,-12.1625446,31.23338419,5.588683583,3.8690301,14.57488762,20.0538341,4.2042186,10.15276953,8.21690057,25.46179618,5.04596831,3.02627087,11.3375714,8.8298156,-1.39821376,3.30806124,3.09330844,5.211504024,2.282871881,1.62805716,4.019300087
2,0.94810385,-7.144298,-3.137457658,-3.9456444,4.750353373,2.17953054,0.9289503,3.820208623,19.009962,3.7253778,10.5531623,9.165004,23.57410956,4.855317658,3.8690297,11.6165117,3.4093432,-1.2737153,0.484203354,0.60333884,0.932705947,0.965767025,0.57460846,1.080351256,-5.13316858,-23.645136,-13.69061995,-12.3253504,34.07271341,5.837183688,4.83628752,14.88307052,20.1304483,4.1946415,10.06895894,9.12669636,22.05931426,4.696734425,3.79241584,11.11050172,9.040506,-0.13407529,3.621661012,3.43807364,5.12465641,2.263770397,1.87705414,4.270958311
2,3.2273839,-6.7708025,-2.200579538,-2.5953147,8.810251362,2.968206759,2.62404512,3.694969779,19.172768,4.146757,10.5549685,9.931149,22.66668431,4.760954138,4.0509896,11.57903469,3.2944214,-0.1436521,1.214168433,0.91937345,1.029636212,1.014709915,0.79487496,1.582353056,-2.5953147,-22.7066087,-12.75554804,-11.32936168,31.05240182,5.572468198,4.08929538,13.91964107,18.92377103,2.8730419,9.340800069,8.8298165,18.0453766,4.247985005,3.52426534,10.26138015,10.0652239,-3.06457818,3.41474797,3.67749369,11.53641089,3.396529242,2.78685063,4.816317534
2,1.3503298,-7.929596,-2.528663938,-2.4516625,5.614511558,2.369496056,1.9153613,3.465350324,16.069881,6.8282633,10.54822387,10.170568,7.867960457,2.804988495,2.518699,10.91480587,4.3861775,0.06703765,1.976498137,1.8483237,1.221320162,1.105133549,0.91937345,2.264478979,-5.7556608,-18.3587387,-13.0768878,-13.7235635,11.26260624,3.355980667,2.50912286,13.50065187,14.5184393,5.066131,8.571725729,8.159439,6.054443327,2.460577844,1.8291697,8.917899153,10.1035312,0.2873041,4.505162075,4.4723686,7.915254118,2.813406142,2.2601262,5.311472436
2,1.9632454,-8.628703,-2.970648068,-2.633622,7.642970338,2.764592255,2.3942014,4.058043898,15.897499,6.7229185,10.28152437,9.911995,5.050389075,2.247307072,1.685518,10.52426398,5.554548,-1.5035586,2.040150046,1.8674773,3.115906184,1.765192959,1.4365209,2.697798805,-7.0868364,-19.814413,-13.25217244,-13.283031,13.91157408,3.729822259,3.19865286,13.76704937,15.9166533,4.2425255,8.241374322,7.58483085,4.837067401,2.199333399,1.03429505,8.529790039,11.5113225,-3.1411927,5.010798114,4.510676,15.88378896,3.985447147,3.7158011,6.402490663
2,2.9400797,-0.9576807,0.324353875,0.15322891,0.855159557,0.924748375,0.61291559,0.979982139,17.171215,6.3302693,10.07112481,9.624691,6.824234963,2.612323671,1.944092,10.40441204,4.232949,-0.34476504,1.560826035,1.2066777,1.871763217,1.368123977,0.9959879,2.075558028,-6.4451912,-15.887923,-9.746770935,-9.1171202,4.980207889,2.231637939,1.24498503,9.998987527,14.9685494,5.0278234,8.510298775,8.3030921,4.696732193,2.167194544,1.42694495,8.78190853,4.40533103,-2.52827709,1.23647216,1.1779472,2.551595244,1.597371354,1.06302564,2.020014517
2,2.0111294,-1.733402,0.187183044,0.22026655,0.688031481,0.829476631,0.57460842,0.850334624,17.314867,6.742072,9.828899265,9.385271,5.397904091,2.323338996,1.493981,10.09976063,3.5242648,0.02873042,1.658915761,1.4460979,1.088312463,1.043222154,0.86191266,1.959671903,-6.9240313,-16.4433776,-9.641716221,-9.0405055,4.269170755,2.066197172,1.16837013,9.860621808,15.131355,4.5106763,8.169983503,7.891289,4.424324986,2.103407946,1.17794676,8.436406547,5.1235915,-1.2737153,1.471732718,1.2737153,2.161106927,1.470070382,1.10133278,2.080169253
2,2.633622,-1.8004397,0.512794477,0.545878,1.217469232,1.103389882,0.8044518,1.216728157,17.06587,6.081272,10.1650549,10.007763,8.06997308,2.840769804,2.2984334,10.55453998,3.964798,-0.24899697,1.535094416,1.3694834,1.211890289,1.100858887,0.890643,1.889022275,-5.9088898,-15.8400391,-9.652260423,-9.2990796,5.571211588,2.360341414,1.71424844,9.936666587,15.8974995,3.696647,8.629960484,8.3413989,7.194821764,2.682316492,1.94409214,9.037203092,5.7077769,-1.1683705,1.022299939,0.2873042,2.86754306,1.693382136,0.756567746,1.97803949
2,3.5529952,-1.5035586,0.515212849,0.37349546,1.555712554,1.247282067,0.93852706,1.34950244,16.510414,5.947197,10.25153638,9.797073,7.256555496,2.693799454,2.1835114,10.59955441,5.2480903,-0.32561144,1.864478507,1.532289,2.163706028,1.470954122,0.8236056,2.374865497,-6.8091096,-15.20796904,-9.73632353,-9.3948478,3.899281415,1.974659823,1.417366746,9.934549678,14.9589714,4.0797194,8.387057873,7.93917302,5.603807403,2.367236237,1.47482802,8.714731618,5.03740034,-2.183512,1.349265657,1.302445764,2.751997625,1.658914593,1.302445764,2.138344088
2,3.2561142,-1.7429788,0.839729601,0.641646,1.651345023,1.285046701,0.9289503,1.535086586,17.946936,6.215348,10.20496712,10.295067,8.512173891,2.917563005,2.451663,10.61383662,4.003105,0.1340753,1.839040063,1.5993267,1.211044276,1.100474568,0.77572134,2.143154831,-6.5505357,-14.7961665,-9.365237518,-9.1650045,4.373464799,2.091283051,1.4652505,9.595891755,16.558299,3.112462,8.365927056,8.0540952,8.125151023,2.850465054,1.9153604,8.83820607,5.2480901,-2.1068974,0.999310462,0.5267243,3.166812841,1.779554113,0.9193735,2.040939549
2,3.323152,-0.8523358,1.115697994,1.091756,1.405191959,1.185407929,1.072602386,1.627874066,17.372328,5.90889,10.24114984,10.457873,8.274251892,2.876499938,2.4708163,10.63745279,3.8977604,-0.35434186,1.586589578,1.4556746,1.374283089,1.172298208,0.9002198,1.972701087,-6.28238508,-14.2407121,-9.125451844,-9.03092823,3.989338421,1.997332827,1.44609837,9.341477922,15.6006188,3.8211457,8.65456026,8.6861643,8.266483414,2.875149286,2.0111297,9.119643453,3.476380827,-2.65277546,0.470891584,-0.05746084,2.693067368,1.641056784,1.22583136,1.707280367
1,15.8783455,-17.324444,-0.73702716,0.61291564,107.19309,10.35340958,9.97903314,10.37960977,19.182344,-5.21936,8.791218552,8.418014,63.21760864,7.950950172,7.795519,11.85340172,11.176133,-15.064317,-1.498528449,1.1300632,42.99529725,6.557079933,4.5298296,6.726134459,12.5168862,-31.076739,-9.528245712,-10.840946,127.2291235,11.2795888,7.6710223,14.76538485,29.343336,0.4596865,10.289747,8.9638913,53.38076045,7.306213824,5.1618989,12.61981196,13.895946,-13.3979525,-0.761501289,0.967257,43.53105104,6.597806533,4.2999855,6.641606376
1,15.887922,-16.998833,-0.781815734,0.8714894,115.4370163,10.74416196,10.5536414,10.77256943,19.230228,-4.5394063,8.263913628,6.7229185,54.0113664,7.349242574,7.1442975,11.05909738,11.022904,-18.23424,-2.281214717,-0.2681506,44.76293469,6.690510794,5.410896,7.068725152,11.8369332,-30.166942,-9.045729363,-10.5249106,121.0296055,11.00134562,8.2839374,14.2427113,33.566708,-1.465251,10.54512835,9.519346,67.44342494,8.212394592,5.6886233,13.36574565,14.4226704,-18.3683155,-1.499398983,-0.373496,46.98002751,6.854197802,5.6503153,7.016282835
1,13.455414,-17.238253,-1.467863269,-0.6895301,90.50181441,9.513244158,9.0788131,9.625821367,19.37388,-6.2728086,8.448484846,7.3645644,60.66608066,7.788843346,6.7516486,11.49099547,6.579266,-16.529568,-2.101190052,0.5746084,38.3402463,6.191950121,4.3095631,6.538749569,11.319786,-29.822177,-9.916348116,-11.32936256,118.8668942,10.90260951,7.23048956,14.73773572,32.589873,-1.6280572,10.5496749,9.8353806,68.68154405,8.287432899,5.554548,13.41555755,11.3485156,-13.24472333,-0.633326782,0.344765,37.60130196,6.131990049,5.0852842,6.164609053
1,17.33402,-17.554287,0.478840323,2.432509,110.7915329,10.52575569,8.954315,10.53664182,19.393034,-7.632715,9.175634372,9.816227,66.11780204,8.131285387,6.732494,12.26010066,7.6710224,-15.974113,-2.051735121,1.3982137,51.9549934,7.207981229,3.5625723,7.494305198,14.7291295,-30.348901,-8.696794049,-9.864111,122.1710211,11.05310007,7.393295,14.06432536,31.871613,-2.135628,11.22736949,10.5344873,68.5277908,8.278151412,5.4492027,13.94925147,7.230489,-15.198392,-2.530575445,-1.2641395,33.07408936,5.751007682,4.5394071,6.283144232
1,17.30529,-17.468096,-0.778019806,-1.6950948,113.4655948,10.65202304,10.2567602,10.68039838,19.383457,-5.305551,8.761724778,8.331821,59.78769535,7.732250342,7.613562,11.68569709,10.065224,-16.395493,-2.041775181,-0.009576807,49.12865753,7.009183799,5.573701193,7.300513915,13.4171064,-32.551566,-9.539744584,-10.5823713,125.9146426,11.2211694,8.0636726,14.72825072,32.762255,-0.9672575,10.80349996,9.78749584,64.55677679,8.034723193,5.00866934,13.46374347,12.1050838,-14.6429377,-1.263755376,0.1053447,43.57117892,6.600846834,5.104438,6.720733336
1,17.496826,-18.713081,-0.807707867,-0.61291564,116.6509477,10.80050683,9.74918936,10.83066663,19.364304,-7.680599,8.909782249,8.628703,59.03983057,7.68373806,6.646304,11.76537506,7.0964136,-16.64449,-3.357532678,-1.5993267,41.5185632,6.443489986,5.0182467,7.265782056,13.8001784,-31.641768,-9.717490116,-11.999739,121.3114201,11.01414636,6.933608,14.68812562,33.988087,-0.124499,12.26731493,10.869676,64.65012054,8.040529867,5.14274624,14.66755385,11.338939,-19.2110745,-2.549824811,-0.019154,53.9870483,7.347587924,4.6351744,7.777445266
1,17.056293,-17.678785,-0.900315616,-0.7661445,106.1786639,10.30430318,9.4331545,10.34355994,19.354727,-6.14831,8.707136909,7.881712,59.02320411,7.682656059,6.512229,11.61195235,11.36767,-16.82645,-1.269597272,1.0247183,50.72513134,7.122157773,4.9033251,7.234432153,13.8097556,-31.766267,-9.607452525,-10.754755,122.24438,11.05641804,7.7476376,14.64744087,33.403902,-5.1906297,9.976734181,7.9583265,75.40889,8.683829225,4.9129016,13.22664413,15.2367,-15.121778,-0.369281656,1.3982137,44.49638321,6.670560937,4.3766013,6.680774817
1,17.429789,-17.496826,-0.664185447,-0.12449849,125.1659501,11.18775894,10.85052249,11.207457,19.40261,-5.21936,8.155860153,6.7324953,58.33348201,7.637635891,7.3071037,11.17369844,11.224017,-17.391481,-1.832555824,1.0055647,47.4191582,6.886156998,5.5832783,7.125827604,13.7331416,-32.302571,-8.8200456,-10.486604,135.961765,11.66026436,7.9774786,14.62036147,33.451786,-3.2465372,9.988415977,9.0596594,75.27880294,8.676335801,6.3111157,13.23054257,18.7322334,-17.3531744,-1.168370377,0.938528,58.14987973,7.625606843,6.033388,7.71459455
1,17.238253,-18.579004,-1.198537377,-1.3215994,119.9097942,10.95033306,10.5823716,11.01572903,19.230228,-4.4244847,8.39895532,6.2632318,51.97782694,7.209564962,6.59842004,11.06888781,9.3182335,-15.95496,-2.193567593,-0.33518824,39.45533782,6.281348408,4.80755676,6.65335078,14.0491763,-32.494106,-9.597492697,-12.44985,127.2495664,11.28049495,5.793967,14.81085522,32.944216,-1.2737155,10.59252291,8.9543143,73.3825609,8.566362174,5.6982005,13.62292562,12.229583,-17.286136,-0.995030216,1.915361,61.42435062,7.837368858,5.0661307,7.900280739
1,17.458519,-18.540697,-0.56790466,-0.45968673,120.3254049,10.96929373,9.78749627,10.98398473,19.393034,-5.45878,9.058605746,8.015787,54.23646203,7.364540857,6.646304,11.6745364,9.959879,-17.180792,-2.492651222,0.15322891,48.5636256,6.968760693,4.52982979,7.401144217,14.0300218,-32.417491,-9.626510406,-11.923124,141.5327151,11.89675229,7.3262574,15.30367334,33.834858,-2.6527754,11.55125697,10.6685626,72.28924507,8.50230822,5.3247043,14.3429698,12.143391,-15.43781309,-1.924746561,-0.6607994,51.21762326,7.156648885,5.7652378,7.410956253
2,1.9919758,-7.469909,-3.031784869,-3.8402996,5.887819539,2.426482957,1.5514424,3.883238215,19.258959,4.0797195,10.4290459,9.14585,23.50897238,4.848605199,3.438073,11.50104216,1.9632454,-1.8483237,0.276276371,0.32561144,0.850654795,0.92230949,0.72783732,0.962799786,-5.1331684,-23.817518,-13.46083077,-12.1625446,31.23338419,5.588683583,3.8690301,14.57488762,20.0538341,4.2042186,10.15276953,8.21690057,25.46179618,5.04596831,3.02627087,11.3375714,8.8298156,-1.39821376,3.30806124,3.09330844,5.211504024,2.282871881,1.62805716,4.019300087
2,3.1890767,-7.1634517,-2.89822905,-4.012682,6.683711865,2.585287579,1.187524,3.883740915,19.364304,3.8977604,10.42406687,8.743625,25.38277376,5.038131972,3.371035,11.57773483,3.1890767,-1.541866,0.456334845,0.47884035,1.149841858,1.072306793,0.74699095,1.165368332,-3.4189196,-23.5110606,-13.32229592,-12.0476226,32.77134887,5.724626527,4.0126819,14.50016957,20.714634,3.6966474,9.967732026,8.00621112,28.0855738,5.299582417,3.2561151,11.28898824,9.8449577,-2.71023635,3.354563895,3.40934325,6.683292605,2.585206492,1.88663099,4.235137722
2,1.2066777,-7.575254,-3.119620606,-3.667917,4.957760795,2.226602972,1.4077906,3.832726643,18.942924,4.0318356,10.74682171,9.672575,24.85038922,4.985016471,4.118027,11.84671119,2.9113493,-1.1013328,0.678115308,0.641646,0.914342779,0.956212727,0.7661445,1.172255582,-5.06613077,-23.1854494,-13.86644232,-12.5456173,33.32472542,5.772757177,4.759673332,15.02008482,19.01953845,3.6966474,10.0687064,8.9638909,25.0476092,5.004758656,3.8690294,11.24395206,10.4866033,-0.19153616,3.797735914,3.9360676,5.23978764,2.289058243,1.7717091,4.434251426
2,0.5650316,-6.3111157,-3.319416998,-4.0318356,3.875516659,1.968633196,1.0247184,3.859280485,18.828003,4.271256,10.5998971,9.56723,23.09132138,4.805343003,3.916914,11.63826189,1.6280571,-1.436521,0.358268339,0.32561144,0.548176576,0.740389476,0.47884035,0.822516127,-5.50666387,-22.275653,-13.9193141,-12.7563068,25.91543537,5.090720516,3.6966474,14.82102359,19.04826944,4.367024,10.24162876,8.810662454,22.35492538,4.728099553,3.629609874,11.28033178,7.5273703,0.1053449,3.677685336,3.97437474,2.965896214,1.722177753,1.16837066,4.060943936
2,0.78529817,-7.565677,-3.267916013,-4.050989,4.951310171,2.225153966,1.0534485,3.953553495,18.875887,4.55856,10.48099288,9.442732,21.86155585,4.675634273,3.505112,11.4766183,1.8100165,-1.0247183,0.477969715,0.49799395,0.542281729,0.736397806,0.574608404,0.877916156,-5.50666387,-23.8079424,-13.74890889,-12.5168867,30.72114172,5.542665579,4.8362879,14.82408977,19.5271099,4.5394063,10.00302316,8.5329346,22.13990768,4.705306332,3.2561141,11.05442808,9.3756935,0.30645785,3.745885728,3.86903016,4.444345773,2.108161705,1.53228854,4.298372443
2,1.0630256,-7.565677,-3.185690902,-3.9360676,4.830074671,2.197743086,0.9097967,3.870232705,19.019539,3.7253778,10.6264829,9.356541,25.8525368,5.084538996,4.175487,11.78026636,2.2122424,-0.9576807,0.400581387,0.40222588,0.537536542,0.733168836,0.59376202,0.835465133,-4.453215,-23.9037094,-13.8121738,-12.497733,34.04934491,5.835181652,4.63517498,14.99418187,19.46964893,4.3861776,10.22590151,8.9926212,25.05718,5.005714734,3.9456442,11.38535207,9.3756935,-0.4501099,3.586272288,3.466803986,5.266893104,2.294971264,1.647210974,4.257727332
2,0.94810385,-7.144298,-3.137457658,-3.9456444,4.750353373,2.17953054,0.9289503,3.820208623,19.009962,3.7253778,10.5531623,9.165004,23.57410956,4.855317658,3.8690297,11.6165117,3.4093432,-1.2737153,0.484203354,0.60333884,0.932705947,0.965767025,0.57460846,1.080351256,-5.13316858,-23.645136,-13.69061995,-12.3253504,34.07271341,5.837183688,4.83628752,14.88307052,20.1304483,4.1946415,10.06895894,9.12669636,22.05931426,4.696734425,3.79241584,11.11050172,9.040506,-0.13407529,3.621661012,3.43807364,5.12465641,2.263770397,1.87705414,4.270958311
2,0.79487497,-7.9104424,-3.176052218,-3.9839516,4.718591752,2.172231975,0.9097967,3.847843479,19.354727,3.6774938,10.44638091,8.628703,25.4929418,5.049053555,3.6487635,11.60257798,2.4516625,-1.3982137,0.622109374,0.7757214,0.854169466,0.92421289,0.52672443,1.114086863,-5.58327856,-23.4919087,-13.62243313,-11.951855,35.06230974,5.921343576,4.434061,14.85371987,19.4504954,3.64876338,9.824271534,8.3030914,21.85979473,4.675445939,3.0358476,10.8800784,10.314221,0.07661443,3.798161591,3.6296096,5.378784549,2.319220677,1.74297896,4.45026022
2,2.3080103,-7.192182,-3.031450241,-4.0318356,6.375108964,2.524897813,1.0534484,3.945224902,19.40261,3.7828386,10.66983319,9.212888,27.36507786,5.231164102,4.118027,11.88319898,2.0207062,-1.6567876,0.324243315,0.62249243,0.809695742,0.899830952,0.57460847,0.956467181,-3.4859577,-24.334667,-13.70128343,-12.2104294,41.66384343,6.454753553,5.3055502,15.14559378,20.5230976,4.3957544,10.34558987,8.3892833,27.49738215,5.243794633,3.2178077,11.59864699,9.2128882,-1.1492167,3.355693556,3.3901896,6.191836791,2.488340168,1.91536136,4.177620858
2,2.0111294,-7.1730285,-3.217129917,-4.1180267,6.556803579,2.560625623,1.2354083,4.111779236,19.153614,3.7349546,10.51446323,9.605537,23.9733308,4.896256816,3.936067,11.59858904,2.4708161,-1.5993267,0.337219682,0.40222588,0.915850248,0.957000652,0.61291563,1.014675989,-3.687071,-24.334667,-13.73159315,-12.54561686,38.85140752,6.233089725,5.20978286,15.08005497,20.6475958,4.07014293,10.17724355,8.86812276,26.25083743,5.123557107,3.85945296,11.3941706,8.8872769,-1.11090954,3.5543496,3.8881833,6.550444217,2.559383562,1.8291703,4.379936677
3,3.613083,-0.908432,0.892183134,0.67570496,1.25943036,1.12224345,0.59628296,1.433673988,12.657242,6.732498,9.93989757,10.113815,0.71315285,0.844483777,0.290406,9.975706318,5.6282654,-1.2855225,1.031738666,0.48309326,2.477848553,1.574118342,0.32730102,1.882108719,-3.4693297,-11.98153704,-9.047714435,-9.36193845,2.695485602,1.64179341,0.9319154,9.195467476,11.8599395,1.762405,8.908158903,9.71522522,4.13648076,2.033834005,0.52011077,9.137383422,3.6719208,-1.7624664,0.139555532,-0.00813296,0.861840884,0.928353857,0.397522012,0.938784656
3,4.831833,-3.025772,2.078573051,2.2419891,2.410690689,1.55263991,1.0080871,2.594447266,12.657242,4.788925,8.101343787,8.338058,3.109969449,1.763510547,1.4817815,8.2910639,9.877228,-2.0448608,4.992586076,5.492584,9.198391348,3.032884988,2.4255984,5.841601413,-1.3995974,-13.040802,-6.022770736,-5.8580318,7.417874914,2.723577595,1.8840633,6.609965374,11.8599395,-4.5039217,3.108757711,3.291794,20.58003274,4.536522097,3.9895021,5.499491544,8.3195956,-3.2621002,2.914013025,3.4910126,7.373856279,2.715484538,1.8055117,3.983130451
3,6.475479,-3.025772,2.30191919,2.4990692,3.476853237,1.864632199,1.1461487,2.9623783,11.845535,3.9938812,8.089177487,8.294022,3.353550586,1.831270211,1.418701,8.293873823,9.995056,-2.0448608,4.831225786,5.2105103,9.647857975,3.106100123,2.6076967,5.743570368,0.9664918,-13.040802,-5.787258297,-5.8580318,8.997821652,2.99963692,2.0114131,6.518449221,11.7064058,-5.7036284,3.257951701,3.038285,21.90067459,4.679815658,3.865722,5.702185886,9.0289457,-3.9143219,2.529306596,3.0458832,8.40636399,2.899373034,2.1530456,3.847564925
3,5.4650116,-2.3628387,2.107450074,2.2848358,2.833626014,1.68333776,1.2782593,2.697215569,12.909561,4.2914276,8.334187382,8.745102,3.636711458,1.907016376,1.1128236,8.549584246,9.995056,-1.487854,4.528377655,4.196472,8.217037944,2.866537623,2.5005797,5.359406882,0.530884,-11.63162258,-6.226737308,-6.818512,8.089988736,2.844290551,1.8447877,6.845600502,13.790421,-5.7036284,3.805809727,4.817612,20.37553587,4.513926879,3.574127,5.904212357,9.0289457,-5.06404114,2.420927581,2.83403,8.04291342,2.836003071,2.2708738,3.728780467
3,15.237625,-8.14238,2.051198777,2.3705292,10.88426281,3.299130614,1.462738,3.884801054,12.306137,3.8224945,7.78838513,8.191666,4.23742554,2.058500799,1.6424564,8.05582823,9.793915,-1.8818054,5.470908428,6.030548,9.420453124,3.069275668,2.4541625,6.273060828,10.078552,-16.606598,-5.737186353,-5.3188785,19.62564088,4.43008362,3.0206913,7.248513511,12.6752164,-5.7405245,2.317476703,2.1349334,23.56866361,4.854756803,4.2263491,5.379531753,9.9001617,-6.268509,3.41970965,4.0039825,11.42583324,3.380212011,2.251831,4.808351831
3,2.1396332,-1.3321381,0.457192917,0.4329071,0.53861785,0.733905886,0.473693843,0.864663642,11.208786,9.30806,10.15508008,10.151901,0.233996565,0.483731914,0.436798,10.16659471,2.7765808,-1.4450073,0.811418754,0.917511,0.628193108,0.792586341,0.5034485,1.134281051,-7.3624268,-12.1814879,-9.697887159,-9.58331306,0.96391638,0.981792432,0.76528926,9.747457706,11.55882262,6.8623502,9.343661322,9.1951141,0.849591984,0.921733142,0.5784301,9.389014798,2.7304841,-2.3444672,0.354225837,0.51316833,0.73839008,0.85929627,0.53439333,0.929443933
3,5.038925,-0.5382843,1.707704029,1.4695587,1.873035667,1.368588933,0.9033508,2.18844436,11.774124,3.0988617,8.098218032,8.852219,5.420073625,2.328105158,1.715057,8.426221509,10.85556,-0.7237549,4.523316353,4.169098,12.57245008,3.54576509,3.3039552,5.747420369,0.5713501,-10.981781,-6.390514003,-7.1362913,10.44821549,3.232369949,2.67315677,7.161486208,10.74235537,-6.9592746,3.57490168,4.6557467,32.70026919,5.718414919,4.5131833,6.743900296,9.06227126,-1.3851776,2.815612323,1.9544831,8.130434957,2.851391758,2.06378181,4.007256881
3,7.8370514,-1.6118317,2.202951053,2.0836945,2.94091063,1.714908345,1.077118,2.791756431,11.289719,3.0988617,7.485719026,7.892929,4.218460858,2.053889203,1.519867,7.762374005,10.85556,-1.2176819,5.683478096,5.8091736,9.652770904,3.106890874,2.3625184,6.477244335,0.5713501,-12.5242617,-5.282767973,-5.5176393,8.571833615,2.927769392,2.1756595,6.039823762,10.74116508,-6.9592746,1.80224093,2.3646397,24.35829982,4.935412831,4.0335383,5.254176642,9.06227126,-5.0878447,3.480527043,3.9194796,9.860809547,3.140192597,2.2732546,4.687736985
3,7.12175,-1.4380646,2.287697075,2.1229706,3.278224598,1.81058681,1.13424685,2.91749593,12.602493,2.0860138,7.546080171,8.053604,4.764630126,2.182803272,1.561524,7.855441176,11.668457,-2.0127258,5.671003849,5.922241,9.32355436,3.053449584,2.320862,6.440794906,4.7834167,-10.5033268,-5.258383096,-5.9877624,10.42262983,3.228409798,2.361328,6.170350283,14.6152188,-9.5824432,1.875076321,1.6279145,24.91333775,4.991326252,4.122803,5.331908567,9.1086879,-5.1187896,3.383306775,3.4434051,8.888123795,2.981295657,2.2673034,4.509422194
3,6.730179,-5.8703156,1.847859189,1.8992157,4.507492271,2.123085554,1.0211793,2.814618243,12.602493,3.1631317,7.540134281,8.075027,5.325565843,2.307718753,1.894775,7.885378293,10.544922,-2.0127258,5.565899655,5.5520935,11.1619084,3.340944238,3.0706787,6.491621321,-0.030884,-13.6858826,-5.692275092,-5.855652,12.84455569,3.583930202,3.3063355,6.726555688,14.6152188,-6.9497528,1.974234626,3.1144565,29.31212129,5.414066982,4.9618832,5.762787836,10.0751191,-5.1187896,3.718040466,4.5121918,10.84226392,3.292759317,2.357758,4.966496635
4,12.403793,-19.963303,-5.238122659,-6.458267,35.95768731,5.996472905,1.698395,7.962136415,9.56752,-14.043381,-2.413019805,-3.8708649,42.6954715,6.534177186,4.6571961,6.965496112,5.4354553,-5.459503,-0.968319978,-1.0093994,7.220759156,2.687147029,1.8102722,2.856291781,23.675232,-18.382355,-2.825102853,-4.4821777,110.9631835,10.53390637,6.0985113,10.90616292,14.666397,-18.266037,-1.444699827,-3.2149506,79.20699132,8.899830972,6.11874344,9.016326797,21.2319187,-9.754562,4.26980268,4.849014,20.76466464,4.556826159,1.8543088,6.244668091
4,12.403793,-19.963303,-4.420812401,-5.9155426,40.44348407,6.359519169,2.2220764,7.745131784,10.181656,-15.026474,-3.105194679,-4.507614,51.71469482,7.191292987,5.3320311,7.833066374,5.5211487,-6.4425964,-1.29978088,-1.9710693,9.247458503,3.040963417,1.9816589,3.307096739,23.675232,-18.851288,-1.315617722,-4.4797974,135.1540724,11.62557837,7.1553954,11.699783,16.6242524,-18.266037,-1.805413799,-2.0652312,95.43858936,9.769267596,6.8673708,9.934692161,21.2319187,-9.754562,3.121031521,3.6195526,19.58758678,4.425786572,1.8674011,5.415572411
4,9.475937,-27.155594,-5.301010117,-5.8203278,33.30235258,5.770819056,2.0471192,7.836010518,9.222366,-15.882217,-2.089036871,-2.2605438,50.27423089,7.090432349,6.2211002,7.391772855,5.5211487,-13.437317,-2.1052357,-2.443573,10.69127759,3.269751915,1.6531677,3.888868079,21.1972655,-30.4067994,-3.211973245,-5.0570374,117.4023779,10.83523779,7.4874574,11.30128975,16.6885224,-17.0556184,0.016198828,-0.247818,92.37833062,9.61136466,7.8611755,9.61137831,16.6794589,-5.0664214,3.195774417,3.312485,12.02199867,3.467275396,1.6162716,4.715397417
4,5.878006,-16.535568,-4.457731017,-5.108597,20.57392309,4.535848663,3.294433,6.359661069,7.558487,-14.797958,-4.956193555,-7.406906,35.31137197,5.942337248,2.945709,7.737908408,5.092682,-6.412842,0.070490578,1.3507385,6.663311767,2.581339142,0.8557435,2.582301433,20.675964,-17.1017155,0.498462538,1.2271423,94.88359291,9.740820956,6.78286736,9.753566415,13.8404084,-19.072983,-5.026684133,-8.36726394,71.15465466,8.435321847,4.0323488,9.819481047,15.3369291,-2.0790558,4.528221595,3.7433319,10.44248649,3.231483636,1.3234863,5.56302771
4,12.081253,-13.445847,-5.436957098,-6.9093475,33.30148913,5.770744244,1.3437195,7.928555456,8.583237,-15.059799,-2.22589748,-2.9068146,37.68539091,6.138842799,4.0002136,6.529931891,6.946991,-6.412842,-0.665721449,-1.3962097,12.19776091,3.4925293,2.4589233,3.555410801,22.663574,-17.1017155,-3.211059618,-4.2857972,97.92336962,9.895623761,4.8273928,10.40357023,13.933243,-20.4190824,-1.560176031,-2.7722015,85.09310869,9.224592603,5.7188416,9.355600352,15.7261204,-7.3694305,4.771235649,5.26915,17.67864446,4.204598014,2.3387142,6.359507377
4,12.081253,-13.445847,-4.958332872,-6.353531,32.50372942,5.701204208,1.2080384,7.555712692,10.010269,-15.360916,-2.221099351,-3.2733917,40.74353605,6.383066352,4.3239443,6.758462723,7.3921204,-7.242401,-0.944047414,-1.1367493,13.49588663,3.673674812,2.5350952,3.793034688,22.663574,-18.8977055,-2.737233521,-3.4395752,102.4789679,10.12318961,5.5664974,10.48672567,17.25267,-22.7530364,-1.277051937,-2.67936704,94.43995343,9.718022095,6.75668334,9.801572072,12.8030244,-7.3694305,4.014285458,4.7050015,18.18987853,4.264959382,2.43273963,5.856992937
4,10.722061,-12.538925,-4.678094803,-6.4915924,30.79329694,5.549170834,1.6805416,7.257952048,9.674637,-15.360916,-2.426086702,-5.097946,42.29714691,6.503625674,5.107086015,6.941400694,7.3921204,-7.23407,-0.842463986,-1.9972534,12.16538387,3.487891034,2.0471192,3.58819306,21.734039,-19.272614,-2.252008101,-2.4362487,107.8148751,10.3833942,7.7112123,10.62480191,16.313614,-22.7530364,-1.583622716,-4.95738226,91.21799476,9.550811209,8.21942146,9.681211477,12.8030244,-6.009048,3.835630817,4.2682042,13.73239519,3.705724651,1.2520758,5.333334693
4,8.684368,-18.127699,-1.654183903,1.0073603,22.42772599,4.735792013,1.3419501,5.016378213,19.612701,-16.914436,-6.986974865,-9.780912,35.72615221,5.977135787,0.326808,9.194779496,8.388085,-6.1195793,0.872937906,0.427365,4.472132567,2.114741726,1.33955585,2.287827169,25.598804,-31.27366,5.332790962,10.8906247,107.4440043,10.36551997,2.7263981,11.65687195,11.224616,-15.5497417,-7.859912771,-9.7264446,26.68869335,5.166110079,0.8762782,9.405685627,20.811599,-14.7937713,2.527121809,-0.46387656,40.62148345,6.373498525,3.29741451,6.856225498
4,8.522161,-18.127699,-5.119551399,-5.4019175,17.98354093,4.240700523,2.5049335,6.647807718,19.612701,-19.6133,-3.611461709,-4.2916064,49.60342496,7.042969897,5.2863976,7.914927709,8.388085,-1.9961656,2.526134187,2.557606,2.165778814,1.471658525,0.5979519,2.923547972,24.435821,-31.27366,-1.508089691,-1.334169,118.2777463,10.87555729,8.3988596,10.97962116,11.224616,-25.2630173,-6.137595896,-6.6325372,54.16067751,7.359393827,6.0034604,9.582836787,20.811599,-10.3932296,7.645685587,7.5991959,21.19820138,4.604150452,1.5604206,8.92494871
4,8.778939,-11.097125,-4.967124579,-4.197036,18.16249363,4.26174772,2.524685,6.544831565,5.9047,-19.6133,-4.604420968,-6.3141084,43.10250683,6.565249944,4.7554831,8.018927564,5.653309,-0.5746084,2.600970942,2.5941176,1.324461282,1.150852415,0.8744822,2.84420659,23.2345301,-16.1363215,-0.362703612,1.404798,110.9721182,10.53433046,7.0610993,10.54057266,4.39934565,-25.266609,-7.20539191,-9.003994,55.11148098,7.423710728,5.2091846,10.34548953,12.7976066,-9.1608139,7.568095522,7.5465236,14.97618845,3.869908067,1.6496048,8.500132839
